seg_id,xs,ys,zs,ds,as,xe,ye,ze,de,ae,segment,length
1,-6.95423,4.63115,0,8.05716,0,-3.29923,2.80615,0,9.72981,4.0853,soma,4.0852968068428
2,-3.29923,2.80615,0,9.72981,4.0853,-0.164231,0.961154,0,11.5113,7.72291,soma,3.63761308690424
3,-0.164231,0.961154,0,11.5113,7.72291,2.76077,-1.29385,0,10.8389,11.4162,soma,3.69332829437311
4,2.76077,-1.29385,0,10.8389,11.4162,4.80077,-3.43385,0,8.94002,14.3728,soma,2.95655204588047
5,4.80077,-3.43385,0,8.94002,14.3728,7.31577,-6.06885,0,5.37403,18.0154,soma,3.64258836543467
6,7.3,-6.07,0,2.67,0,17.3,-6.07,0,0.67,10,hill,10
7,17.3,-6.07,0,0.67,0,32.3,-6.07,0,0.67,15,iseg,15
8,32.3,-6.07,0,0.67,0,132.3,-6.07,0,0.67,100,myelin_01,100
9,132.3,-6.07,0,0.67,0,133.3,-6.07,0,0.67,1,node_01,1
10,133.3,-6.07,0,0.67,0,233.3,-6.07,0,0.67,100,myelin_02,100
11,233.3,-6.07,0,0.67,0,234.3,-6.07,0,0.67,1,node_02,1
12,234.3,-6.07,0,0.67,0,334.3,-6.07,0,0.67,100,myelin_03,100
13,334.3,-6.07,0,0.67,0,335.3,-6.07,0,0.67,1,node_03,1
14,335.3,-6.07,0,0.67,0,435.3,-6.07,0,0.67,100,myelin_04,100
15,435.3,-6.07,0,0.67,0,436.3,-6.07,0,0.67,1,node_04,1
16,436.3,-6.07,0,0.67,0,536.3,-6.07,0,0.67,100,myelin_05,99.9999999999999
17,536.3,-6.07,0,0.67,0,537.3,-6.07,0,0.67,1,node_05,1
18,-3.3,-4.71,-2.25,1.5,0,-2.7,-7.69,-2.16,1.5,3.04113,basal1_0,3.04113465667011
19,-2.7,-7.69,-2.16,1.5,3.04113,-0.59,-12.12,-2.04,1.5,7.94943,basal1_0,4.90829909439105
20,-0.59,-12.12,-2.04,1.5,7.94943,-1.48,-14.66,-4.35,1.5,11.4962,basal1_0,3.54680137588786
21,-1.48,-14.66,-4.35,1.5,11.4962,-0.38,-18.12,-7.02,1.5,16.003,basal1_0,4.50671720878956
22,-0.38,-18.12,-7.02,1.5,16.003,3.56,-18.48,-9.48,1.5,20.6618,basal1_0,4.6588410576022
23,3.56,-18.48,-9.48,1.5,20.6618,5.57,-19.91,-11.67,1.5,23.9604,basal1_0,3.298651239522
24,5.57,-19.91,-11.67,1.5,23.9604,5.71,-23.91,-14.16,1.5,28.6742,basal1_0,4.7137776782534
25,5.71,-23.91,-14.16,1.5,28.6742,7.92,-30.84,-14.49,1.5,35.9556,basal1_0,7.28133916254421
26,7.92,-30.84,-14.49,1.5,35.9556,8.05,-34.84,-17.07,1.5,40.7172,basal1_0,4.76164887407713
27,8.05,-34.84,-17.07,1.5,40.7172,7.69,-38.35,-20.19,1.5,45.4272,basal1_0,4.71
28,7.69,-38.35,-20.19,1.5,45.4272,8.3,-41.83,-22.02,1.5,49.4061,basal1_0,3.97886918608792
29,8.3,-41.83,-22.02,1.5,0,16.17,-42.56,-25.38,1,8.58833,basal1_01,8.58832929038006
30,16.17,-42.56,-25.38,1,8.58833,19.02,-39.96,-30.18,1,14.7465,basal1_01,6.15812471455394
31,19.02,-39.96,-30.18,1,14.7465,19.21,-35.32,-32.13,0.5,19.7831,basal1_01,5.03668541801054
32,19.21,-35.32,-32.13,0.5,19.7831,18.95,-27.83,-29.79,0.5,27.6345,basal1_01,7.85132472898683
33,18.95,-27.83,-29.79,0.5,27.6345,23.22,-23.68,-24.48,0.5,35.6127,basal1_01,7.97818901756533
34,23.22,-23.68,-24.48,0.5,35.6127,28.62,-23.99,-23.25,0.5,41.1596,basal1_01,5.54698116095593
35,28.62,-23.99,-23.25,0.5,41.1596,36.9,-22.2,-26.49,0.5,50.2294,basal1_01,9.06973538754025
36,36.9,-22.2,-26.49,0.5,50.2294,40.78,-21.06,-29.52,0.5,55.2826,basal1_01,5.05320690255208
37,40.78,-21.06,-29.52,0.5,55.2826,49.08,-19.77,-29.91,0.5,63.6913,basal1_01,8.40869787779297
38,49.08,-19.77,-29.91,0.5,63.6913,56.79,-16,-30.9,0.5,72.3306,basal1_01,8.63927659008554
39,56.79,-16,-30.9,0.5,72.3306,60.64,-13.86,-33.3,0.5,77.3467,basal1_01,5.01618380843446
40,60.64,-13.86,-33.3,0.5,77.3467,59.05,-10.42,-34.41,0.5,81.2956,basal1_01,3.94889858061713
41,59.05,-10.42,-34.41,0.5,81.2956,59.47,-8.4,-34.41,0.5,83.3588,basal1_01,2.06320139588941
42,59.47,-8.4,-34.41,0.5,83.3588,63.23,-3.77,-32.79,0.5,89.5394,basal1_01,6.18052586759412
43,8.3,-41.83,-22.02,1.5,0,7.95,-45.85,-20.37,0.5,4.35952,basal1_02,4.35951832201678
44,7.95,-45.85,-20.37,0.5,4.35952,10.97,-49.97,-20.37,0.5,9.46782,basal1_02,5.10830696023643
45,10.97,-49.97,-20.37,0.5,0,13.11,-53.17,-21.72,0.5,4.07947,basal1_021,4.07947300518094
46,13.11,-53.17,-21.72,0.5,4.07947,17.17,-57.03,-25.26,0.5,10.7063,basal1_021,6.62682427713305
47,17.17,-57.03,-25.26,0.5,10.7063,19.83,-62.94,-27.09,0.5,17.4407,basal1_021,6.73443390345469
48,19.83,-62.94,-27.09,0.5,17.4407,22.98,-68.84,-29.04,0.5,24.4074,basal1_021,6.96670653896086
49,22.98,-68.84,-29.04,0.5,24.4074,27.02,-72.2,-30.39,0.5,29.8327,basal1_021,5.42528340273575
50,27.02,-72.2,-30.39,0.5,29.8327,30.17,-78.09,-31.11,0.5,36.5508,basal1_021,6.71810985322509
51,30.17,-78.09,-31.11,0.5,36.5508,39.12,-81.78,-29.82,0.5,46.3172,basal1_021,9.76640670871329
52,39.12,-81.78,-29.82,0.5,46.3172,45.18,-86.57,-32.22,0.5,54.406,basal1_021,8.08873908591444
53,45.18,-86.57,-32.22,0.5,54.406,51.62,-88.35,-33.21,0.5,61.1604,basal1_021,6.75441337201092
54,51.62,-88.35,-33.21,0.5,61.1604,59.12,-92.59,-31.62,0.5,69.9214,basal1_021,8.76103304411073
55,59.12,-92.59,-31.62,0.5,69.9214,68.06,-95.78,-34.62,0.5,79.8763,basal1_021,9.95488322382538
56,68.06,-95.78,-34.62,0.5,79.8763,73.73,-103.59,-34.29,0.5,89.5331,basal1_021,9.65680589014815
57,73.73,-103.59,-34.29,0.5,89.5331,75.48,-111.53,-36.66,0.5,98.0021,basal1_021,8.46894326347744
58,75.48,-111.53,-36.66,0.5,98.0021,75.35,-122.04,-38.67,0.5,108.703,basal1_021,10.7012662802119
59,75.35,-122.04,-38.67,0.5,108.703,76.89,-123.99,-38.67,0.5,111.188,basal1_021,2.4847736315407
60,10.97,-49.97,-20.37,0.5,0,9.61,-58.85,-22.89,0.5,9.33029,basal1_022,9.33029474346872
61,9.61,-58.85,-22.89,0.5,9.33029,10.1,-63.4,-16.41,0.5,17.2633,basal1_022,7.93303220717022
62,10.1,-63.4,-16.41,0.5,17.2633,14.57,-65.24,-19.98,0.5,23.2726,basal1_022,6.00927616273374
63,14.57,-65.24,-19.98,0.5,23.2726,20.94,-65.02,-22.71,0.5,30.2064,basal1_022,6.93384453243653
64,20.94,-65.02,-22.71,0.5,30.2064,28.76,-64.25,-25.56,0.5,38.5651,basal1_022,8.35869607056029
65,28.76,-64.25,-25.56,0.5,38.5651,32.61,-62.11,-29.25,0.5,44.3113,basal1_022,5.74614653485273
66,32.61,-62.11,-29.25,0.5,44.3113,42.34,-59.77,-34.17,0.5,55.4627,basal1_022,11.1514528201486
67,42.34,-59.77,-34.17,0.5,55.4627,49.76,-61.51,-36.6,0.5,63.462,basal1_022,7.99930621991682
68,49.76,-61.51,-36.6,0.5,63.462,63.65,-66.03,-40.05,0.5,78.4709,basal1_022,15.0088307339379
69,63.65,-66.03,-40.05,0.5,78.4709,70.58,-67.79,-40.08,0.5,85.6209,basal1_022,7.15006293678594
70,70.58,-67.79,-40.08,0.5,85.6209,86.57,-76.24,-40.41,0.5,103.709,basal1_022,18.0884355321293
71,86.57,-76.24,-40.41,0.5,103.709,88.14,-79.18,-40.5,0.5,107.044,basal1_022,3.33415656501012
72,2.27,7.56,-2.01,2.5,0,3.35,15,-1.23,2.5,7.55833,basal2_0,7.55833314957736
73,3.35,15,-1.23,2.5,0,9.16,16.32,2.19,1,6.86985,basal2_01,6.86985443805034
74,9.16,16.32,2.19,1,6.86985,14.59,25.39,5.37,1,17.909,basal2_01,11.039121341846
75,14.59,25.39,5.37,1,17.909,21.01,29.65,10.77,1,27.3177,basal2_01,9.40871936025302
76,21.01,29.65,10.77,1,27.3177,28.8,35.66,15.51,1,38.2389,basal2_01,10.9211629417384
77,28.8,35.66,15.51,1,0,38.43,36.17,14.13,1,9.74174,basal2_011,9.74173495841475
78,38.43,36.17,14.13,1,9.74174,51.62,36.95,13.65,1,22.9635,basal2_011,13.2217585819739
79,51.62,36.95,13.65,1,22.9635,53.37,38.11,17.25,1,27.131,basal2_011,4.1675052489469
80,53.37,38.11,17.25,1,0,60.5,38.64,17.67,0.5,7.162,basal2_0111,7.16199692823168
81,60.5,38.64,17.67,0.5,7.162,69.07,38.86,17.55,0.5,15.7357,basal2_0111,8.5736631610998
82,69.07,38.86,17.55,0.5,15.7357,74.76,39.7,17.55,0.5,21.4873,basal2_0111,5.75166932290097
83,74.76,39.7,17.55,0.5,0,79.86,40.14,14.97,0.5,5.73236,basal2_01111,5.7323642591866
84,79.86,40.14,14.97,0.5,5.73236,93.44,40.32,17.07,0.5,19.475,basal2_01111,13.7425907310085
85,93.44,40.32,17.07,0.5,19.475,105.32,37.29,19.05,0.5,31.8941,basal2_01111,12.4191666387081
86,105.32,37.29,19.05,0.5,31.8941,117.48,33.17,18.87,0.5,44.7344,basal2_01111,12.8402647947774
87,117.48,33.17,18.87,0.5,44.7344,125.79,29.87,24.93,0.5,55.5358,basal2_01111,10.8013749124822
88,125.79,29.87,24.93,0.5,55.5358,131.13,26.69,32.67,0.5,65.4623,basal2_01111,9.92650996070623
89,131.13,26.69,32.67,0.5,65.4623,135.14,24.31,27.51,0.5,72.4171,basal2_01111,6.9548616089754
90,74.76,39.7,17.55,0.5,0,81.82,42.28,-31.65,0.5,49.7709,basal2_01112,49.7708750174236
91,81.82,42.28,-31.65,0.5,49.7709,87.13,43.71,-30.99,0.5,55.3095,basal2_01112,5.53864604393529
92,87.13,43.71,-30.99,0.5,55.3095,98.14,45.97,-31.41,0.5,66.5569,basal2_01112,11.2474041449572
93,98.14,45.97,-31.41,0.5,66.5569,103.73,46.32,-26.73,0.5,73.8558,basal2_01112,7.29883552356128
94,103.73,46.32,-26.73,0.5,73.8558,111.14,52.92,-21.63,0.5,85.0127,basal2_01112,11.1569753965849
95,111.14,52.92,-21.63,0.5,85.0127,122.59,52.53,-19.65,0.5,96.6392,basal2_01112,11.6264784006164
96,122.59,52.53,-19.65,0.5,96.6392,130.76,46.19,-17.61,0.5,107.18,basal2_01112,10.5406878333437
97,130.76,46.19,-17.61,0.5,107.18,134.08,42.93,-13.05,0.5,113.695,basal2_01112,6.51487528660374
98,134.08,42.93,-13.05,0.5,113.695,144.42,39.71,-2.79,0.5,128.613,basal2_01112,14.9181634258376
99,53.37,38.11,17.25,1,0,59.87,35.7,13.53,0.5,7.86743,basal2_0112,7.86743287229068
100,59.87,35.7,13.53,0.5,7.86743,69.4,35.72,20.37,0.5,19.598,basal2_0112,11.7305967452641
101,69.4,35.72,20.37,0.5,19.598,73.41,33.34,25.17,0.5,26.2902,basal2_0112,6.69212223438872
102,73.41,33.34,25.17,0.5,26.2902,84.57,34.03,27.99,0.5,37.8216,basal2_0112,11.5314396325871
103,84.57,34.03,27.99,0.5,37.8216,95.9,37.76,28.35,0.5,49.7552,basal2_0112,11.9336247636667
104,95.9,37.76,28.35,0.5,49.7552,103.67,36.62,24.81,0.5,58.3694,basal2_0112,8.61418016992911
105,103.67,36.62,24.81,0.5,58.3694,110.84,39.69,29.85,0.5,67.6557,basal2_0112,9.28630173965934
106,28.8,35.66,15.51,1,0,30.31,40.45,16.35,1,5.09213,basal2_012,5.09213118448455
107,30.31,40.45,16.35,1,0,31.42,43.28,16.29,0.5,3.04049,basal2_0121,3.04049338101565
108,31.42,43.28,16.29,0.5,3.04049,28.77,52.03,18.51,0.5,12.4486,basal2_0121,9.408156036121
109,28.77,52.03,18.51,0.5,12.4486,29.1,60.65,18.03,0.5,21.0883,basal2_0121,8.63965855806813
110,29.1,60.65,18.03,0.5,21.0883,33.95,69.33,21.33,0.5,31.5647,basal2_0121,10.4763972815086
111,33.95,69.33,21.33,0.5,31.5647,36.11,84.2,21.33,0.5,46.5908,basal2_0121,15.0260606946731
112,36.11,84.2,21.33,0.5,46.5908,37.98,93.01,15.39,0.5,57.3795,basal2_0121,10.7887255966588
113,37.98,93.01,15.39,0.5,57.3795,48.86,99.38,13.35,0.5,70.1511,basal2_0121,12.7715660746832
114,48.86,99.38,13.35,0.5,70.1511,52.17,107.88,17.73,0.5,80.2699,basal2_0121,10.1188191010612
115,52.17,107.88,17.73,0.5,80.2699,53.5,118.84,20.25,0.5,91.5942,basal2_0121,11.3243498709639
116,53.5,118.84,20.25,0.5,91.5942,54.09,126.39,25.77,0.5,100.966,basal2_0121,9.3712859309702
117,54.09,126.39,25.77,0.5,100.966,50.09,128.77,25.65,0.5,105.622,basal2_0121,4.65604982791207
118,3.35,15,-1.23,2.5,0,5.5,22.72,2.07,1.5,8.66665,basal2_02,8.66665448717093
119,5.5,22.72,2.07,1.5,8.66665,8.57,27.69,2.07,1.5,14.5084,basal2_02,5.84172919605146
120,8.57,27.69,2.07,1.5,0,13.61,30.2,2.79,0.5,5.67628,basal2_021,5.67627518712756
121,13.61,30.2,2.79,0.5,5.67628,17.59,32.42,7.05,0.5,11.9146,basal2_021,6.23830105076695
122,17.59,32.42,7.05,0.5,11.9146,21.29,35.72,13.53,0.5,20.0736,basal2_021,8.15906857429204
123,21.29,35.72,13.53,0.5,20.0736,28.67,39.78,13.95,0.5,28.5072,basal2_021,8.43352832449148
124,28.67,39.78,13.95,0.5,28.5072,33.61,41.8,21.63,0.5,37.8595,basal2_021,9.35234729894052
125,33.61,41.8,21.63,0.5,37.8595,37.76,42.45,25.71,0.5,43.7154,basal2_021,5.85588592785071
126,37.76,42.45,25.71,0.5,43.7154,43.49,45.83,31.83,0.5,52.7549,basal2_021,9.03945241704385
127,43.49,45.83,31.83,0.5,52.7549,47.16,46.58,33.93,0.5,57.0492,basal2_021,4.29434511887435
128,47.16,46.58,33.93,0.5,57.0492,50.55,48.42,37.35,0.5,62.2042,basal2_021,5.15500727448566
129,50.55,48.42,37.35,0.5,62.2042,49.44,47.55,51.63,0.5,76.5537,basal2_021,14.3494738579503
130,49.44,47.55,51.63,0.5,76.5537,57.28,50.05,56.91,0.5,86.3309,basal2_021,9.77721841834374
131,57.28,50.05,56.91,0.5,86.3309,62.67,54.05,63.51,0.5,95.7443,basal2_021,9.41340002337094
132,62.67,54.05,63.51,0.5,95.7443,69.53,58.05,70.95,0.5,106.626,basal2_021,10.8817829421469
133,69.53,58.05,70.95,0.5,106.626,75.42,58.55,77.07,0.5,115.135,basal2_021,8.50861328302091
134,75.42,58.55,77.07,0.5,115.135,80.32,61.55,84.21,0.5,124.299,basal2_021,9.16458400583463
135,80.32,61.55,84.21,0.5,124.299,84.73,63.54,91.89,0.5,133.376,basal2_021,9.07692679269808
136,84.73,63.54,91.89,0.5,133.376,88.16,65.55,99.33,0.5,141.812,basal2_021,8.43555570190843
137,88.16,65.55,99.33,0.5,141.812,95.02,72.05,107.43,0.5,154.258,basal2_021,12.4466702374571
138,95.02,72.05,107.43,0.5,154.258,100.91,75.05,116.31,0.5,165.329,basal2_021,11.0700722671534
139,100.91,75.05,116.31,0.5,165.329,111.2,73.55,121.89,0.5,177.13,basal2_021,11.8012923021168
140,8.57,27.69,2.07,1.5,0,9.88,31.51,0.87,1.5,4.2129,basal2_022,4.21289686557836
141,9.88,31.51,0.87,1.5,4.2129,15.46,43.61,-3.03,1.5,18.0966,basal2_022,13.8836738653715
142,15.46,43.61,-3.03,1.5,18.0966,19.93,52.88,24.75,1.5,47.7216,basal2_022,29.6250265822666
143,19.93,52.88,24.75,1.5,0,19.8,57,3.03,0.5,22.1077,basal2_0221,22.107684184464
144,19.8,57,3.03,0.5,22.1077,25.41,64.5,4.11,0.5,31.5358,basal2_0221,9.42806979185029
145,25.41,64.5,4.11,0.5,31.5358,32.07,72.28,8.01,0.5,42.4945,basal2_0221,10.9587408035778
146,32.07,72.28,8.01,0.5,42.4945,36.88,78.42,7.05,0.5,50.3531,basal2_0221,7.85858129690086
147,36.88,78.42,7.05,0.5,50.3531,45.85,85.2,9.57,0.5,61.8761,basal2_0221,11.5230074199403
148,45.85,85.2,9.57,0.5,61.8761,52.26,89.46,12.09,0.5,69.9746,basal2_0221,8.09852455697949
149,52.26,89.46,12.09,0.5,69.9746,61.01,95.27,16.11,0.5,81.2209,basal2_0221,11.2462882765826
150,61.01,95.27,16.11,0.5,81.2209,70.14,100.48,19.47,0.5,92.2568,basal2_0221,11.0358778536191
151,70.14,100.48,19.47,0.5,92.2568,76.77,105.72,22.65,0.5,101.286,basal2_0221,9.02922477292485
152,76.77,105.72,22.65,0.5,101.286,86.27,110.35,22.83,0.5,111.856,basal2_0221,10.5697350960183
153,86.27,110.35,22.83,0.5,111.856,90.46,113.54,18.63,0.5,118.592,basal2_0221,6.73588895395404
154,90.46,113.54,18.63,0.5,118.592,96.18,116.93,23.61,0.5,126.899,basal2_0221,8.30727993990814
155,96.18,116.93,23.61,0.5,126.899,99.24,121.9,25.89,0.5,133.165,basal2_0221,6.26601149057356
156,99.24,121.9,25.89,0.5,133.165,104.56,123.33,27.87,0.5,139.019,basal2_0221,5.85386197309093
157,104.56,123.33,27.87,0.5,139.019,111.09,128.07,29.91,0.5,147.342,basal2_0221,8.3228660928793
158,111.09,128.07,29.91,0.5,147.342,115.9,134.21,32.43,0.5,155.538,basal2_0221,8.19671275573325
159,115.9,134.21,32.43,0.5,155.538,122.08,142.09,32.13,0.5,165.557,basal2_0221,10.0188222860773
160,122.08,142.09,32.13,0.5,165.557,124.87,148.15,33.57,0.5,172.382,basal2_0221,6.82504945037031
161,124.87,148.15,33.57,0.5,172.382,123.03,153.65,37.71,0.5,179.508,basal2_0221,7.12567189814406
162,19.93,52.88,24.75,1.5,0,28.43,55.16,23.43,1,8.89892,basal2_0222,8.89892128294211
163,28.43,55.16,23.43,1,8.89892,35.26,61.38,22.47,1,18.1865,basal2_0222,9.28756695803589
164,35.26,61.38,22.47,1,18.1865,41.75,63.58,19.71,1,25.5742,basal2_0222,7.38767216381453
165,41.75,63.58,19.71,1,25.5742,44.94,64.44,19.05,1,28.9433,basal2_0222,3.36916903701788
166,44.94,64.44,19.05,1,0,45.19,67.96,21.54,0.5,4.31891,basal2_02221,4.31891190000444
167,45.19,67.96,21.54,0.5,4.31891,50.96,73.89,23.76,0.5,12.8855,basal2_02221,8.56657457797457
168,50.96,73.89,23.76,0.5,12.8855,56.1,76.89,21.21,0.5,19.3602,basal2_02221,6.47472779350607
169,56.1,76.89,21.21,0.5,19.3602,59.37,82.84,19.23,0.5,26.4324,basal2_02221,7.07218495233262
170,59.37,82.84,19.23,0.5,26.4324,65.24,89.26,16.71,0.5,35.4891,basal2_02221,9.05669365717975
171,65.24,89.26,16.71,0.5,35.4891,72.31,91.84,18.48,0.5,43.2205,basal2_02221,7.73137762627076
172,72.31,91.84,18.48,0.5,43.2205,82.36,94.31,17.97,0.5,53.5821,basal2_02221,10.3616359712161
173,82.36,94.31,17.97,0.5,53.5821,92.07,99.91,18.75,0.5,64.8183,basal2_02221,11.2362137751113
174,92.07,99.91,18.75,0.5,64.8183,94.87,113.12,21.06,0.5,78.518,basal2_02221,13.6996423310976
175,94.87,113.12,21.06,0.5,78.518,95.85,120.07,18.42,0.5,86.0168,basal2_02221,7.49883324257846
176,95.85,120.07,18.42,0.5,86.0168,97.1,125.94,15,0.5,92.9245,basal2_02221,6.90766241213336
177,44.94,64.44,19.05,1,0,50.25,65.86,18.45,0.5,5.52924,basal2_02222,5.52924045416728
178,50.25,65.86,18.45,0.5,5.52924,55.96,73.85,19.26,0.5,15.3832,basal2_02222,9.85394844719618
179,55.96,73.85,19.26,0.5,15.3832,61.58,76.74,16.74,0.5,22.1866,basal2_02222,6.80344765541707
180,61.58,76.74,16.74,0.5,22.1866,66.25,79.84,14.1,0.5,28.3825,basal2_02222,6.19584538218959
181,66.25,79.84,14.1,0.5,28.3825,72.2,84.2,12.03,0.5,36.0439,basal2_02222,7.66139673949862
182,72.2,84.2,12.03,0.5,36.0439,76.88,82.69,9.15,0.5,41.7427,basal2_02222,5.69885076133776
183,76.88,82.69,9.15,0.5,41.7427,81.51,81.02,4.41,0.5,48.576,basal2_02222,6.83325691014176
184,81.51,81.02,4.41,0.5,48.576,87.76,84.74,6.21,0.5,56.0687,basal2_02222,7.49272313648382
185,87.76,84.74,6.21,0.5,56.0687,90.56,88.84,9.63,0.5,62.0975,basal2_02222,6.02879755838592
186,90.56,88.84,9.63,0.5,62.0975,91.96,90.89,7.02,0.5,65.6995,basal2_02222,3.60202720700441
187,91.96,90.89,7.02,0.5,65.6995,92.87,92.92,7.02,0.5,67.9242,basal2_02222,2.2246348014899
188,92.87,92.92,7.02,0.5,67.9242,93.72,96.45,7.02,0.5,71.5551,basal2_02222,3.63089520641949
189,93.72,96.45,7.02,0.5,71.5551,98.5,100.12,7.02,0.5,77.5814,basal2_02222,6.02638365854681
190,98.5,100.12,7.02,0.5,77.5814,101.26,105.22,4.68,0.5,83.8347,basal2_02222,6.25325515231867
191,101.26,105.22,4.68,0.5,83.8347,103.63,107.81,4.65,0.5,87.3455,basal2_02222,3.51082611360916
192,103.63,107.81,4.65,0.5,87.3455,104.96,111.86,4.68,0.5,91.6084,basal2_02222,4.2628980752535
193,104.96,111.86,4.68,0.5,91.6084,108.25,115.97,4.53,0.5,96.8752,basal2_02222,5.26675421868156
194,5.66,-8.11,-3.64,2.04,0,11.24,-17.3,-3.99,1.5,10.7571,basal3_0,10.757090684753
195,11.24,-17.3,-3.99,1.5,0,16.14,-17.83,-3.99,1.5,4.92858,basal3_01,4.92857991717696
196,16.14,-17.83,-3.99,1.5,0,21.2,-19.92,-5.13,1,5.59208,basal3_011,5.59207474914275
197,21.2,-19.92,-5.13,1,5.59208,32.45,-21.29,-4.92,1,16.9271,basal3_011,11.3350562415896
198,32.45,-21.29,-4.92,1,16.9271,40.32,-21.94,-2.7,1,25.13,basal3_011,8.20291411633695
199,40.32,-21.94,-2.7,1,25.13,53.52,-21.17,-0.24,1,38.5794,basal3_011,13.4493308383726
200,53.52,-21.17,-0.24,1,38.5794,58.48,-18.34,-0.24,1,44.2899,basal3_011,5.7105603928161
201,58.48,-18.34,-0.24,1,0,60.1,-18.48,-0.09,1,1.63294,basal3_0111,1.63294213002176
202,60.1,-18.48,-0.09,1,1.63294,71,-16.71,2.34,1,12.9399,basal3_0111,11.3069801450255
203,71,-16.71,2.34,1,12.9399,78.47,-19.32,3.9,1,21.0051,basal3_0111,8.06514723982148
204,78.47,-19.32,3.9,1,0,91.14,-20.99,5.7,1,12.9057,basal3_01111,12.9057274107274
205,91.14,-20.99,5.7,1,12.9057,95.56,-21.42,5.7,1,17.3466,basal3_01111,4.44086703246112
206,95.56,-21.42,5.7,1,0,100.46,-21.95,10.47,0.5,6.85885,basal3_011111,6.8588482998241
207,100.46,-21.95,10.47,0.5,0,110.88,-20.07,13.44,0.5,10.9969,basal3_0111111,10.9968950163217
208,110.88,-20.07,13.44,0.5,10.9969,120.41,-20.05,16.44,0.5,20.988,basal3_0111111,9.99106100471817
209,100.46,-21.95,10.47,0.5,0,112.14,-25.96,9.72,0.5,12.3719,basal3_0111112,12.3719440671222
210,112.14,-25.96,9.72,0.5,12.3719,119.83,-32.2,11.46,0.5,22.4269,basal3_0111112,10.0549142214143
211,119.83,-32.2,11.46,0.5,22.4269,130.4,-39.05,12,0.5,35.034,basal3_0111112,12.607101173545
212,130.4,-39.05,12,0.5,35.034,143.81,-49.05,19.2,0.5,53.2457,basal3_0111112,18.2117571914409
213,143.81,-49.05,19.2,0.5,53.2457,152.34,-51.38,16.2,0.5,62.5833,basal3_0111112,9.33754785797642
214,152.34,-51.38,16.2,0.5,62.5833,157.29,-57.44,16.2,0.5,70.408,basal3_0111112,7.82471085727772
215,157.29,-57.44,16.2,0.5,0,160.36,-62.51,21.69,0.5,8.07898,basal3_01111121,8.0789788958754
216,160.36,-62.51,21.69,0.5,8.07898,169.19,-64.51,19.14,0.5,17.4849,basal3_01111121,9.40592366543551
217,169.19,-64.51,19.14,0.5,17.4849,172.14,-67.51,27.48,0.5,26.8261,basal3_01111121,9.3412044191314
218,172.14,-67.51,27.48,0.5,26.8261,178.02,-67.01,25.59,0.5,33.0226,basal3_01111121,6.19649094246093
219,178.02,-67.01,25.59,0.5,33.0226,185.85,-70.51,37.05,0.5,47.3366,basal3_01111121,14.3139966466393
220,185.85,-70.51,37.05,0.5,47.3366,194.69,-71.51,40.95,0.5,57.0503,basal3_01111121,9.71368107361983
221,157.29,-57.44,16.2,0.5,0,164.08,-55.39,17.39,0.5,7.19186,basal3_01111122,7.19184955348763
222,164.08,-55.39,17.39,0.5,7.19186,167.52,-54.93,20.28,0.5,11.7082,basal3_01111122,4.51633701134005
223,167.52,-54.93,20.28,0.5,11.7082,174.38,-58.93,20.04,0.5,19.6528,basal3_01111122,7.94463340878607
224,174.38,-58.93,20.04,0.5,19.6528,182.71,-56.93,17.85,0.5,28.4951,basal3_01111122,8.84222822596206
225,182.71,-56.93,17.85,0.5,28.4951,186.64,-54.43,17.31,0.5,33.184,basal3_01111122,4.68897643414848
226,95.56,-21.42,5.7,1,0,96.33,-27.2,-12.3,0.5,18.9209,basal3_011112,18.9209222819608
227,96.33,-27.2,-12.3,0.5,18.9209,100.69,-25.57,-11.91,0.5,23.592,basal3_011112,4.67103842844394
228,100.69,-25.57,-11.91,0.5,23.592,108.38,-20.05,-9.54,0.5,33.3502,basal3_011112,9.75824779353342
229,108.38,-20.05,-9.54,0.5,0,106.82,-15.63,-44.19,0.5,34.9656,basal3_0111121,34.9655902281085
230,108.38,-20.05,-9.54,0.5,0,116.8,-22.86,-44.67,0.5,36.2341,basal3_0111122,36.2340916817298
231,116.8,-22.86,-44.67,0.5,36.2341,120.84,-22.7,-42.63,0.5,40.7627,basal3_0111122,4.52866426223009
232,120.84,-22.7,-42.63,0.5,40.7627,129.04,-21.89,-44.13,0.5,49.1381,basal3_0111122,8.3753268592933
233,129.04,-21.89,-44.13,0.5,49.1381,136.06,-21.85,-44.25,0.5,56.1592,basal3_0111122,7.02113950865528
234,136.06,-21.85,-44.25,0.5,56.1592,136.69,-18.91,-44.19,0.5,59.1666,basal3_0111122,3.00734101824186
235,78.47,-19.32,3.9,1,0,84.83,-24.76,4.95,0.5,8.43479,basal3_01112,8.43479104661165
236,84.83,-24.76,4.95,0.5,8.43479,88.52,-28.61,4.95,0.5,13.7676,basal3_01112,5.33278538851883
237,88.52,-28.61,4.95,0.5,0,90.87,-31.67,-14.43,0.5,19.7603,basal3_011121,19.760326414308
238,90.87,-31.67,-14.43,0.5,19.7603,99.68,-35.07,-17.73,0.5,29.7636,basal3_011121,10.0033044540292
239,99.68,-35.07,-17.73,0.5,29.7636,103.99,-35.99,-22.83,0.5,36.504,basal3_011121,6.74036349168202
240,103.99,-35.99,-22.83,0.5,36.504,107.24,-37.19,-22.83,0.5,39.9685,basal3_011121,3.464462440264
241,107.24,-37.19,-22.83,0.5,0,112.72,-37.33,-23.97,0.5,5.59907,basal3_0111211,5.59907135157251
242,112.72,-37.33,-23.97,0.5,5.59907,118.68,-37.58,-28.77,0.5,13.2557,basal3_0111211,7.65663764324786
243,118.68,-37.58,-28.77,0.5,13.2557,125.61,-38.03,-31.71,0.5,20.797,basal3_0111211,7.54128636241854
244,125.61,-38.03,-31.71,0.5,20.797,136.84,-39.39,-34.35,0.5,32.413,basal3_0111211,11.6160277203526
245,136.84,-39.39,-34.35,0.5,32.413,141.61,-35.81,-37.35,0.5,39.089,basal3_0111211,6.67602426598347
246,107.24,-37.19,-22.83,0.5,0,111.75,-44.28,-35.31,0.5,15.0452,basal3_0111212,15.0452185095465
247,111.75,-44.28,-35.31,0.5,15.0452,118.59,-49.82,-35.19,0.5,23.8481,basal3_0111212,8.80293132996049
248,118.59,-49.82,-35.19,0.5,23.8481,126.58,-61.75,-22.35,0.5,43.1103,basal3_0111212,19.2621546043011
249,126.58,-61.75,-22.35,0.5,43.1103,132.38,-72.18,-17.37,0.5,56.0419,basal3_0111212,12.931562163946
250,132.38,-72.18,-17.37,0.5,56.0419,136.72,-77.7,-17.73,0.5,63.0729,basal3_0111212,7.03104544146886
251,88.52,-28.61,4.95,0.5,0,97.31,-32.01,-37.29,0.5,43.2787,basal3_011122,43.2786517812189
252,97.31,-32.01,-37.29,0.5,0,107.33,-32.1,-35.73,0.5,10.1411,basal3_0111221,10.1411094067661
253,107.33,-32.1,-35.73,0.5,10.1411,114.08,-30.98,-29.43,0.5,19.442,basal3_0111221,9.30090855777004
254,114.08,-30.98,-29.43,0.5,19.442,118.64,-28.37,-27.81,0.5,24.9402,basal3_0111221,5.49819061146483
255,118.64,-28.37,-27.81,0.5,24.9402,129.23,-28.06,-23.49,0.5,36.3816,basal3_0111221,11.4414422167837
256,129.23,-28.06,-23.49,0.5,36.3816,134.07,-26.53,-21.09,0.5,41.9965,basal3_0111221,5.61484639148748
257,134.07,-26.53,-21.09,0.5,41.9965,143.07,-28.96,-16.29,0.5,52.482,basal3_0111221,10.4854613632401
258,143.07,-28.96,-16.29,0.5,52.482,148.88,-32.24,-16.29,0.5,59.1539,basal3_0111221,6.67191876449347
259,58.48,-18.34,-0.24,1,0,64.59,-24.49,-4.89,0.5,9.83753,basal3_0112,9.83753526041966
260,64.59,-24.49,-4.89,0.5,9.83753,67.69,-32.54,-10.5,0.5,20.1276,basal3_0112,10.2900242954038
261,67.69,-32.54,-10.5,0.5,20.1276,74.62,-34.3,-12,0.5,27.4332,basal3_0112,7.30564849962001
262,74.62,-34.3,-12,0.5,27.4332,80.62,-37.59,-13.95,0.5,34.5484,basal3_0112,7.11523717102951
263,80.62,-37.59,-13.95,0.5,34.5484,88.23,-44.83,-12.54,0.5,45.1465,basal3_0112,10.5980092470237
264,88.23,-44.83,-12.54,0.5,45.1465,93.2,-46.66,-13.62,0.5,50.5517,basal3_0112,5.40520119884542
265,93.2,-46.66,-13.62,0.5,50.5517,97.75,-50.5,-16.17,0.5,57.0286,basal3_0112,6.47692828430268
266,97.75,-50.5,-16.17,0.5,57.0286,103.24,-53.31,-18.33,0.5,63.5632,basal3_0112,6.53466142963811
267,103.24,-53.31,-18.33,0.5,63.5632,107.25,-55.67,-21.15,0.5,69.004,basal3_0112,5.44078119390957
268,16.14,-17.83,-3.99,1.5,0,19.79,-24.22,-11.58,1,10.5718,basal3_012,10.5717879282551
269,19.79,-24.22,-11.58,1,10.5718,20.75,-32.48,-13.47,1,19.0995,basal3_012,8.52767846485783
270,20.75,-32.48,-13.47,1,19.0995,31.18,-34.31,-14.94,0.5,29.7903,basal3_012,10.6908699365393
271,31.18,-34.31,-14.94,0.5,29.7903,36.06,-36.78,-14.94,0.5,35.2598,basal3_012,5.46948809304856
272,36.06,-36.78,-14.94,0.5,0,39.66,-39.18,-12.18,0.5,5.13202,basal3_0121,5.13201714728234
273,39.66,-39.18,-12.18,0.5,5.13202,47.45,-40.33,-10.29,0.5,13.2301,basal3_0121,8.09806767074715
274,47.45,-40.33,-10.29,0.5,13.2301,56.55,-42.26,-9.54,0.5,22.5627,basal3_0121,9.33259878061839
275,56.55,-42.26,-9.54,0.5,22.5627,66.03,-44.79,-11.76,0.5,32.6225,basal3_0121,10.0598061611544
276,66.03,-44.79,-11.76,0.5,32.6225,73.94,-50.05,-11.85,0.5,42.1222,basal3_0121,9.49967367860601
277,73.94,-50.05,-11.85,0.5,0,81.99,-52.27,-48.81,0.5,37.8916,basal3_01211,37.8915887764026
278,81.99,-52.27,-48.81,0.5,37.8916,91.43,-57.34,-49.35,0.5,48.6205,basal3_01211,10.7289375056433
279,91.43,-57.34,-49.35,0.5,48.6205,99.4,-64.66,-54.09,0.5,60.4345,basal3_01211,11.8140128660841
280,99.4,-64.66,-54.09,0.5,60.4345,107.3,-69.92,-56.37,0.5,70.1955,basal3_01211,9.76094257743584
281,107.3,-69.92,-56.37,0.5,70.1955,113.35,-76.83,-57.81,0.5,79.4919,basal3_01211,9.29646169249354
282,113.35,-76.83,-57.81,0.5,79.4919,122.73,-79.84,-61.83,0.5,90.1317,basal3_01211,10.639779133046
283,122.73,-79.84,-61.83,0.5,90.1317,130.47,-83.53,-56.25,0.5,100.362,basal3_01211,10.2303519001059
284,130.47,-83.53,-56.25,0.5,100.362,146.4,-86.41,-54.69,0.5,116.625,basal3_01211,16.2632376850368
285,73.94,-50.05,-11.85,0.5,0,77.93,-59.59,-46.17,0.5,35.844,basal3_01212,35.8440246066203
286,77.93,-59.59,-46.17,0.5,35.844,83.66,-67.96,-43.71,0.5,46.2815,basal3_01212,10.4374997005988
287,83.66,-67.96,-43.71,0.5,46.2815,86.66,-72.69,-49.11,0.5,54.0618,basal3_01212,7.78028919770981
288,86.66,-72.69,-49.11,0.5,54.0618,92.47,-83.12,-44.79,0.5,66.7584,basal3_01212,12.696590093407
289,92.47,-83.12,-44.79,0.5,66.7584,98.18,-86.89,-40.47,0.5,74.8503,basal3_01212,8.09193425578829
290,98.18,-86.89,-40.47,0.5,74.8503,104.92,-92.92,-36.21,0.5,84.8471,basal3_01212,9.99680448943561
291,104.92,-92.92,-36.21,0.5,84.8471,111.24,-100.91,-37.41,0.5,95.1049,basal3_01212,10.2578019087912
292,111.24,-100.91,-37.41,0.5,95.1049,114.93,-104.77,-39.21,0.5,100.74,basal3_01212,5.63521960530378
293,114.93,-104.77,-39.21,0.5,100.74,122.32,-124.23,-42.69,0.5,121.845,basal3_01212,21.1048359387132
294,36.06,-36.78,-14.94,0.5,0,34.7,-43.61,-12.16,0.5,7.49846,basal3_0122,7.49845984186086
295,34.7,-43.61,-12.16,0.5,7.49846,33.87,-46.9,-13.05,0.5,11.0063,basal3_0122,3.50786259708102
296,33.87,-46.9,-13.05,0.5,11.0063,33.54,-51.41,-15.21,0.5,16.0178,basal3_0122,5.01144689685524
297,33.54,-51.41,-15.21,0.5,16.0178,33.23,-56.43,-18.3,0.5,21.9207,basal3_0122,5.90293147512319
298,33.23,-56.43,-18.3,0.5,21.9207,39.38,-64.22,-18.75,0.5,31.8559,basal3_0122,9.9352453417115
299,39.38,-64.22,-18.75,0.5,31.8559,44.04,-71.06,-18.84,0.5,40.133,basal3_0122,8.27703449310198
300,44.04,-71.06,-18.84,0.5,40.133,49.02,-73.39,-18.06,0.5,45.6862,basal3_0122,5.55317026571309
301,49.02,-73.39,-18.06,0.5,45.6862,58.93,-76.04,-19.83,0.5,56.0959,basal3_0122,10.4097790562528
302,58.93,-76.04,-19.83,0.5,56.0959,66.06,-83.8,-18.75,0.5,66.6894,basal3_0122,10.5934366472831
303,66.06,-83.8,-18.75,0.5,66.6894,75.02,-87.49,-18.39,0.5,76.3861,basal3_0122,9.69676750262684
304,75.02,-87.49,-18.39,0.5,76.3861,79.59,-91.83,-18.18,0.5,82.6921,basal3_0122,6.30591785547513
305,79.59,-91.83,-18.18,0.5,82.6921,86.06,-94.61,-17.82,0.5,89.7432,basal3_0122,7.05116302463643
306,86.06,-94.61,-17.82,0.5,89.7432,94.07,-99.33,-17.82,0.5,99.0404,basal3_0122,9.29723077050365
307,94.07,-99.33,-17.82,0.5,99.0404,100.11,-103.62,-17.34,0.5,106.464,basal3_0122,7.42402182108863
308,100.11,-103.62,-17.34,0.5,106.464,105.2,-108.95,-18.42,0.5,113.913,basal3_0122,7.44871801050355
309,105.2,-108.95,-18.42,0.5,113.913,109.33,-114.81,-18.78,0.5,121.091,basal3_0122,7.17816829003054
310,109.33,-114.81,-18.78,0.5,121.091,114.44,-120.63,-17.85,0.5,128.892,basal3_0122,7.80060254082977
311,114.44,-120.63,-17.85,0.5,128.892,116.78,-131.56,-18.63,0.5,140.097,basal3_0122,11.2048605524567
312,116.78,-131.56,-18.63,0.5,140.097,119.89,-136.45,-19.74,0.5,145.997,basal3_0122,5.9005338741507
313,119.89,-136.45,-19.74,0.5,145.997,124.13,-145.31,-20.4,0.5,155.842,basal3_0122,9.84442989715505
314,11.24,-17.3,-3.99,1.5,0,13.73,-24.47,-5.46,1,7.7311,basal3_02,7.73109953370153
315,13.73,-24.47,-5.46,1,7.7311,16.46,-28.12,-6.45,1,12.3954,basal3_02,4.66427915116581
316,16.46,-28.12,-6.45,1,12.3954,22.22,-41.1,-7.98,1,26.6782,basal3_02,14.2828183493315
317,22.22,-41.1,-7.98,1,0,30.69,-53.12,-8.16,1,14.7056,basal3_021,14.7055669730888
318,30.69,-53.12,-8.16,1,14.7056,36.59,-63.07,-8.22,1,26.2735,basal3_021,11.567890905433
319,36.59,-63.07,-8.22,1,26.2735,41.75,-71.83,-10.59,1,36.7128,basal3_021,10.4393534282541
320,41.75,-71.83,-10.59,1,36.7128,45.78,-78.82,-11.97,1,44.8985,basal3_021,8.18568262272609
321,45.78,-78.82,-11.97,1,44.8985,57.09,-86.85,-8.55,1,59.1846,basal3_021,14.2861261369204
322,57.09,-86.85,-8.55,1,59.1846,65.13,-96.23,-7.08,1,71.626,basal3_021,12.4413383524442
323,65.13,-96.23,-7.08,1,71.626,72.84,-107.07,-5.16,1,85.0661,basal3_021,13.4400930056306
324,72.84,-107.07,-5.16,1,0,70.06,-113.12,-37.71,0.5,33.224,basal3_0211,33.2239883216931
325,70.06,-113.12,-37.71,0.5,33.224,70.08,-117.72,-44.73,0.5,41.6169,basal3_0211,8.39290176279932
326,70.08,-117.72,-44.73,0.5,41.6169,68.83,-123.59,-49.17,0.5,49.0823,basal3_0211,7.46545377053532
327,68.83,-123.59,-49.17,0.5,49.0823,70.31,-133.11,-47.79,0.5,58.815,basal3_0211,9.73268719316511
328,70.31,-133.11,-47.79,0.5,58.815,72.8,-140.28,-48.81,0.5,66.4733,basal3_0211,7.65828962628078
329,72.8,-140.28,-48.81,0.5,66.4733,74.67,-143.24,-54.63,0.5,73.2653,basal3_0211,6.79197320371629
330,74.67,-143.24,-54.63,0.5,73.2653,76.65,-152.86,-58.95,0.5,83.995,basal3_0211,10.7297343862744
331,76.65,-152.86,-58.95,0.5,83.995,85.81,-157.98,-61.05,0.5,94.6969,basal3_0211,10.7018689956474
332,85.81,-157.98,-61.05,0.5,94.6969,88.92,-162.88,-65.31,0.5,101.896,basal3_0211,7.19928468668937
333,88.92,-162.88,-65.31,0.5,101.896,91.04,-167.31,-67.17,0.5,107.148,basal3_0211,5.25156167249325
334,72.84,-107.07,-5.16,1,0,77.56,-113.18,-33.57,0.5,29.4404,basal3_0212,29.4404245893296
335,77.56,-113.18,-33.57,0.5,29.4404,82.65,-119.89,-35.85,0.5,38.1657,basal3_0212,8.72528509562868
336,82.65,-119.89,-35.85,0.5,38.1657,86.68,-126.87,-32.25,0.5,46.993,basal3_0212,8.82730423175729
337,86.68,-126.87,-32.25,0.5,46.993,95.39,-135.37,-26.25,0.5,60.5619,basal3_0212,13.5688650962415
338,95.39,-135.37,-26.25,0.5,60.5619,99.58,-143.93,-24.87,0.5,70.1917,basal3_0212,9.62985461987875
339,99.58,-143.93,-24.87,0.5,70.1917,108.95,-154.1,-20.85,0.5,84.5926,basal3_0212,14.4009096934881
340,108.95,-154.1,-20.85,0.5,84.5926,119,-163.39,-25.41,0.5,99.0183,basal3_0212,14.4256784935753
341,119,-163.39,-25.41,0.5,99.0183,124.95,-170.79,-17.01,0.5,111.696,basal3_0212,12.6776377925858
342,124.95,-170.79,-17.01,0.5,111.696,130.52,-177.6,-9.87,0.5,123.026,basal3_0212,11.3305163165674
343,130.52,-177.6,-9.87,0.5,123.026,132.02,-179.96,-6.63,0.5,127.306,basal3_0212,4.27985981078821
344,132.02,-179.96,-6.63,0.5,0,133.32,-183.3,-6.15,0.5,3.61607,basal3_02121,3.61607522045656
345,133.32,-183.3,-6.15,0.5,3.61607,136.59,-189.11,-5.37,0.5,10.3285,basal3_02121,6.71248091244959
346,136.59,-189.11,-5.37,0.5,10.3285,141.92,-199.45,-5.37,0.5,21.9614,basal3_02121,11.6329059138291
347,132.02,-179.96,-6.63,0.5,0,140.55,-182.28,-8.61,0.5,9.0589,basal3_02122,9.05890169943355
348,140.55,-182.28,-8.61,0.5,9.0589,146.1,-184.49,-8.67,0.5,15.033,basal3_02122,5.9741275513668
349,22.22,-41.1,-7.98,1,0,17.95,-49.39,-8.79,1,9.36019,basal3_022,9.36018696394468
350,17.95,-49.39,-8.79,1,9.36019,18.31,-57.14,-7.74,1,17.1893,basal3_022,7.82908679221274
351,18.31,-57.14,-7.74,1,17.1893,20.53,-63.23,-4.74,1,24.3319,basal3_022,7.14258356618948
352,20.53,-63.23,-4.74,1,24.3319,17.57,-67.71,-4.02,0.5,29.7495,basal3_022,5.41760094506784
353,17.57,-67.71,-4.02,0.5,29.7495,18.41,-75.56,-3.45,0.5,37.6648,basal3_022,7.91536480523798
354,18.41,-75.56,-3.45,0.5,37.6648,18.66,-83.79,-2.58,0.5,45.9445,basal3_022,8.27963163431804
355,18.66,-83.79,-2.58,0.5,45.9445,20.87,-89.88,-0.36,0.5,52.7929,basal3_022,6.84840127328998
356,20.87,-89.88,-0.36,0.5,52.7929,27.44,-94.35,1.32,0.5,60.9149,basal3_022,8.1220810141244
357,27.44,-94.35,1.32,0.5,60.9149,34.28,-99.89,3.27,0.5,69.9305,basal3_022,9.01552549771782
358,34.28,-99.89,3.27,0.5,69.9305,39.2,-105.03,4.68,0.5,77.184,basal3_022,7.25355774775386
359,39.2,-105.03,4.68,0.5,77.184,40.87,-108.96,5.37,0.5,81.5095,basal3_022,4.32549419141905
360,40.87,-108.96,5.37,0.5,81.5095,48.36,-116.17,8.22,0.5,92.2894,basal3_022,10.7799211499899
361,48.36,-116.17,8.22,0.5,92.2894,58.12,-119.78,11.13,0.5,103.095,basal3_022,10.8054523274132
362,58.12,-119.78,11.13,0.5,103.095,67.66,-124.37,13.35,0.5,113.912,basal3_022,10.8170282425443
363,67.66,-124.37,13.35,0.5,113.912,79.41,-130.44,17.31,0.5,127.717,basal3_022,13.8053974951828
364,79.41,-130.44,17.31,0.5,127.717,81.24,-135.94,18.99,0.5,133.752,basal3_022,6.03500621374991
365,81.24,-135.94,18.99,0.5,133.752,85.66,-141.41,18.27,0.5,140.822,basal3_022,7.0693493335667
366,85.66,-141.41,18.27,0.5,140.822,93.01,-142.41,21.87,0.5,149.067,basal3_022,8.24515008959814
367,93.01,-142.41,21.87,0.5,149.067,97.92,-145.41,25.71,0.5,155.984,basal3_022,6.91763687974441
368,97.92,-145.41,25.71,0.5,155.984,106.74,-154.91,28.95,0.5,169.346,basal3_022,13.3618860944105
369,106.74,-154.91,28.95,0.5,169.346,110.17,-160.91,33.69,0.5,177.727,basal3_022,8.38048327962058
370,110.17,-160.91,33.69,0.5,177.727,116.54,-162.41,39.21,0.5,186.288,basal3_022,8.56138423387247
371,116.54,-162.41,39.21,0.5,186.288,127.33,-159.41,44.43,0.5,198.644,basal3_022,12.3560713821182
372,9.41,-3.89,-3.66,2,0,17.3,-7.42,-3.66,2,8.64367,basal4_0,8.64366820279446
373,17.3,-7.42,-3.66,2,0,24.34,-0.23,-2.49,1,10.1305,basal4_01,10.1304787645994
374,24.34,-0.23,-2.49,1,10.1305,30.55,3.05,-4.14,1,17.3447,basal4_01,7.21422206478287
375,30.55,3.05,-4.14,1,17.3447,35.12,5.66,-7.35,1,23.5092,basal4_01,6.16450322410492
376,35.12,5.66,-7.35,1,23.5092,47.39,9.19,-10.29,1,36.611,basal4_01,13.1018090353966
377,47.39,9.19,-10.29,1,36.611,48.63,10.85,-10.44,0.5,38.6884,basal4_01,2.0774262923146
378,48.63,10.85,-10.44,0.5,38.6884,54.32,16.55,-10.29,0.5,46.7438,basal4_01,8.0553460509155
379,54.32,16.55,-10.29,0.5,46.7438,61.42,23.81,-11.1,0.5,56.9307,basal4_01,10.1869377145441
380,61.42,23.81,-11.1,0.5,56.9307,68.56,30.06,-13.35,0.5,66.6829,basal4_01,9.75215873537752
381,68.56,30.06,-13.35,0.5,66.6829,72.41,32.19,-14.55,0.5,71.2435,basal4_01,4.56063592057072
382,72.41,32.19,-14.55,0.5,0,76.23,35.33,-69.9,0.5,55.5704,basal4_011,55.5704462821741
383,76.23,35.33,-69.9,0.5,55.5704,78.26,43.41,-74.52,0.5,65.0968,basal4_011,9.52636866807074
384,78.26,43.41,-74.52,0.5,65.0968,82.93,48.38,-69.6,0.5,73.5061,basal4_011,8.40929247915662
385,82.93,48.38,-69.6,0.5,73.5061,86.75,50.45,-74.34,0.5,79.9361,basal4_011,6.43
386,86.75,50.45,-74.34,0.5,79.9361,91.99,47.39,-72.72,0.5,86.2167,basal4_011,6.28057322224652
387,91.99,47.39,-72.72,0.5,86.2167,94.75,43.64,-58.38,0.5,101.294,basal4_011,15.0769924056491
388,94.75,43.64,-58.38,0.5,101.294,95.02,36.15,-65.28,0.5,111.481,basal4_011,10.1873941712295
389,95.02,36.15,-65.28,0.5,111.481,94.19,31.62,-74.7,0.5,121.967,basal4_011,10.4855233536529
390,94.19,31.62,-74.7,0.5,121.967,93.9,26.1,-79.8,0.5,129.488,basal4_011,7.52093744156936
391,93.9,26.1,-79.8,0.5,129.488,101.56,17.37,-81.12,0.5,141.176,basal4_011,11.6889221059942
392,101.56,17.37,-81.12,0.5,141.176,107.12,12.56,-75.96,0.5,150.158,basal4_011,8.98194299692445
393,107.12,12.56,-75.96,0.5,150.158,109.75,7.64,-75.96,0.5,155.737,basal4_011,5.57882604138182
394,109.75,7.64,-75.96,0.5,155.737,111.37,3.2,-75.96,0.5,160.464,basal4_011,4.72630934239392
395,111.37,3.2,-75.96,0.5,160.464,115.57,-4.66,-81.9,0.5,171.173,basal4_011,10.7099579831109
396,115.57,-4.66,-81.9,0.5,171.173,118.18,-9.07,-85.68,0.5,177.541,basal4_011,6.36777826247115
397,118.18,-9.07,-85.68,0.5,177.541,120.91,-16.98,-88.92,0.5,186.514,basal4_011,8.97321570007096
398,120.91,-16.98,-88.92,0.5,186.514,122.58,-22.93,-88.92,0.5,192.694,basal4_011,6.17991909332153
399,72.41,32.19,-14.55,0.5,0,77.92,28.89,-68.04,0.5,53.8742,basal4_012,53.874207186742
400,77.92,28.89,-68.04,0.5,53.8742,89.35,24.78,-73.02,0.5,67.0019,basal4_012,13.1277340009615
401,89.35,24.78,-73.02,0.5,67.0019,96.22,24.52,-75.9,0.5,74.4557,basal4_012,7.45378427377665
402,96.22,24.52,-75.9,0.5,74.4557,103.19,21.76,-79.08,0.5,82.5989,basal4_012,8.14315049596899
403,103.19,21.76,-79.08,0.5,82.5989,111.6,19.55,-86.7,0.5,94.1607,basal4_012,11.5618597120014
404,111.6,19.55,-86.7,0.5,94.1607,115.29,12.18,-94.14,0.5,105.264,basal4_012,11.1034499143284
405,115.29,12.18,-94.14,0.5,105.264,121.4,5.89,-101.28,0.5,116.572,basal4_012,11.3082182504584
406,17.3,-7.42,-3.66,2,0,21.95,-11.48,-0.9,1.5,6.76193,basal4_02,6.76193019780595
407,21.95,-11.48,-0.9,1.5,6.76193,25.78,-12.29,-0.9,1.5,10.6766,basal4_02,3.91471582621268
408,25.78,-12.29,-0.9,1.5,0,28.93,-13.98,-0.84,1.5,3.57522,basal4_021,3.57522027293424
409,28.93,-13.98,-0.84,1.5,0,39.32,-14.66,-40.02,1,40.5399,basal4_0211,40.539942032519
410,39.32,-14.66,-40.02,1,40.5399,49.96,-16.41,-37.62,1,51.5868,basal4_0211,11.0468140203409
411,49.96,-16.41,-37.62,1,51.5868,63.91,-16.82,-37.74,1,65.5433,basal4_0211,13.9565396857531
412,63.91,-16.82,-37.74,1,65.5433,73.71,-17.88,-38.76,1,75.4531,basal4_0211,9.90979313608513
413,73.71,-17.88,-38.76,1,75.4531,81.01,-18.92,-38.82,1,82.827,basal4_0211,7.37395416313393
414,81.01,-18.92,-38.82,1,0,91.56,-21.16,-39.36,1,10.7987,basal4_02111,10.7986897353336
415,91.56,-21.16,-39.36,1,10.7987,95.18,-22.95,-40.68,1,15.0473,basal4_02111,4.24863507493878
416,95.18,-22.95,-40.68,1,15.0473,96,-26.19,-39.9,1,18.4793,basal4_02111,3.43196736581221
417,96,-26.19,-39.9,1,18.4793,99.46,-26.42,-39.9,1,21.9469,basal4_02111,3.46763608240541
418,99.46,-26.42,-39.9,1,21.9469,102.58,-23.5,-39.9,1,26.2202,basal4_02111,4.2732657300945
419,102.58,-23.5,-39.9,1,26.2202,105.4,-22.06,-36.96,1,30.541,basal4_02111,4.32083325297332
420,105.4,-22.06,-36.96,1,30.541,111.36,-22.3,-36.96,1,36.5059,basal4_02111,5.96483025743398
421,111.36,-22.3,-36.96,1,36.5059,117.9,-22.16,-37.92,0.5,43.1174,basal4_02111,6.61156562396533
422,117.9,-22.16,-37.92,0.5,43.1174,119.99,-24.14,-37.92,0.5,45.9964,basal4_02111,2.87897551222652
423,119.99,-24.14,-37.92,0.5,45.9964,122.9,-22.2,-37.92,0.5,49.4938,basal4_02111,3.49738473720008
424,122.9,-22.2,-37.92,0.5,49.4938,132.54,-21.69,-34.92,0.5,59.6027,basal4_02111,10.1088921252529
425,132.54,-21.69,-34.92,0.5,59.6027,141.73,-18.53,-34.92,0.5,69.3208,basal4_02111,9.71811195654794
426,141.73,-18.53,-34.92,0.5,69.3208,151.9,-19.5,-30.18,0.5,80.583,basal4_02111,11.262211150569
427,81.01,-18.92,-38.82,1,0,86.95,-26.31,-35.28,0.5,10.1206,basal4_02112,10.1206373317099
428,86.95,-26.31,-35.28,0.5,10.1206,89.41,-28.88,-32.7,0.5,14.5153,basal4_02112,4.394644467986
429,89.41,-28.88,-32.7,0.5,14.5153,106.68,-32.55,-30.3,0.5,32.3333,basal4_02112,17.8180189695712
430,28.93,-13.98,-0.84,1.5,0,35.13,-17.86,-41.82,1,41.6276,basal4_0212,41.6275725931743
431,35.13,-17.86,-41.82,1,41.6276,37.05,-18.26,-41.82,1,43.5888,basal4_0212,1.961224107541
432,37.05,-18.26,-41.82,1,0,42.32,-19.38,-44.88,1,6.19604,basal4_02121,6.19603905733332
433,42.32,-19.38,-44.88,1,6.19604,48.47,-25.8,-49.8,1,16.357,basal4_02121,10.1609694419381
434,48.47,-25.8,-49.8,1,16.357,54.36,-31.14,-54.6,1,25.644,basal4_02121,9.28696398184035
435,54.36,-31.14,-54.6,1,25.644,57.63,-36.95,-52.62,1,32.5988,basal4_02121,6.95481128428371
436,57.63,-36.95,-52.62,1,32.5988,60.2,-39.03,-52.62,1,35.905,basal4_02121,3.30625165406386
437,60.2,-39.03,-52.62,1,0,62.28,-41.01,-46.32,1,6.92364,basal4_021211,6.92364066080844
438,62.28,-41.01,-46.32,1,6.92364,63.95,-44.94,-50.34,0.5,12.7883,basal4_021211,5.86465685270673
439,63.95,-44.94,-50.34,0.5,12.7883,65.2,-50.83,-50.64,0.5,18.8169,basal4_021211,6.02864827303766
440,65.2,-50.83,-50.64,0.5,18.8169,73.53,-54.13,-55.56,0.5,29.0388,basal4_021211,10.2218051243408
441,73.53,-54.13,-55.56,0.5,29.0388,86.63,-58.45,-59.52,0.5,43.3899,basal4_021211,14.3510975190053
442,86.63,-58.45,-59.52,0.5,43.3899,94.57,-61.16,-51.54,0.5,54.9686,basal4_021211,11.5787780011537
443,94.57,-61.16,-51.54,0.5,54.9686,103.17,-65.54,-47.28,0.5,65.5181,basal4_021211,10.5495023579314
444,103.17,-65.54,-47.28,0.5,65.5181,109.11,-72.94,-45.3,0.5,75.2116,basal4_021211,9.69350297879976
445,109.11,-72.94,-45.3,0.5,75.2116,118.21,-82.03,-49.56,0.5,88.761,basal4_021211,13.549380059619
446,118.21,-82.03,-49.56,0.5,88.761,120.9,-84.23,-42.96,0.5,96.22,basal4_021211,7.45896105365889
447,120.9,-84.23,-42.96,0.5,96.22,124.89,-86.09,-45.66,0.5,101.384,basal4_021211,5.16427148782865
448,124.89,-86.09,-45.66,0.5,101.384,131.8,-87.35,-45.66,0.5,108.408,basal4_021211,7.02393764209223
449,131.8,-87.35,-45.66,0.5,108.408,134.37,-90.76,-45.66,0.5,112.678,basal4_021211,4.27001170958582
450,134.37,-90.76,-45.66,0.5,112.678,137.91,-93.64,-44.4,0.5,117.413,basal4_021211,4.73430037069892
451,137.91,-93.64,-44.4,0.5,117.413,141.55,-99.52,-46.5,0.5,124.64,basal4_021211,7.22730931951858
452,141.55,-99.52,-46.5,0.5,124.64,146.11,-103.86,-46.5,0.5,130.935,basal4_021211,6.29517275378524
453,60.2,-39.03,-52.62,1,0,67.45,-54.37,-0.84,1,54.489,basal4_021212,54.4889575969297
454,67.45,-54.37,-0.84,1,54.489,74.2,-60.41,-10.5,1,67.7313,basal4_021212,13.2423449585034
455,74.2,-60.41,-10.5,1,67.7313,81.95,-68.7,-3.72,1,80.9508,basal4_021212,13.2194931824182
456,81.95,-68.7,-3.72,1,80.9508,93.93,-78.4,-0.54,1,96.69,basal4_021212,15.739212178505
457,93.93,-78.4,-0.54,1,96.69,104.39,-85.74,-3.78,1,109.873,basal4_021212,13.1827462996145
458,104.39,-85.74,-3.78,1,109.873,114.48,-92.48,-8.82,1,123.012,basal4_021212,13.1391514185658
459,114.48,-92.48,-8.82,1,123.012,126.12,-99.05,-6.3,1,136.614,basal4_021212,13.6016506351251
460,126.12,-99.05,-6.3,1,136.614,134.5,-104.41,-0.06,1,148.356,basal4_021212,11.7427254076726
461,134.5,-104.41,-0.06,1,148.356,141.03,-111.42,4.92,1,159.154,basal4_021212,10.7972866962029
462,37.05,-18.26,-41.82,1,0,35.13,-29.61,6.72,0.5,49.8863,basal4_02122,49.8862756677626
463,35.13,-29.61,6.72,0.5,49.8863,36.22,-33.93,11.58,0.5,56.4795,basal4_02122,6.59318587634233
464,36.22,-33.93,11.58,0.5,56.4795,45.49,-37.44,18.12,0.5,68.3548,basal4_02122,11.8753778887242
465,45.49,-37.44,18.12,0.5,68.3548,49.57,-41.88,23.64,0.5,76.5298,basal4_02122,8.17498623852053
466,49.57,-41.88,23.64,0.5,76.5298,54.8,-53.26,-23.34,1.5,125.151,basal4_02122,48.6207537991751
467,54.8,-53.26,-23.34,1.5,125.151,62.83,-65.45,33.36,0.5,183.699,basal4_02122,58.548842857908
468,62.83,-65.45,33.36,0.5,183.699,62.2,-70.13,33.9,0.5,188.452,basal4_02122,4.75298853354391
469,62.2,-70.13,33.9,0.5,188.452,65.14,-75.13,39.18,0.5,196.296,basal4_02122,7.84359611402831
470,65.14,-75.13,39.18,0.5,196.296,65.63,-81.63,45.66,0.5,205.487,basal4_02122,9.19132743405434
471,65.63,-81.63,45.66,0.5,205.487,67.59,-85.13,51.24,0.5,212.36,basal4_02122,6.87226309158781
472,67.59,-85.13,51.24,0.5,212.36,71.02,-90.13,51.24,0.5,218.423,basal4_02122,6.06340663323844
473,71.02,-90.13,51.24,0.5,218.423,70.92,-92.22,37.2,0.5,232.618,basal4_02122,14.1950589995252
474,70.92,-92.22,37.2,0.5,232.618,73.86,-98.72,40.86,0.5,240.636,basal4_02122,8.01805462690296
475,73.86,-98.72,40.86,0.5,240.636,76.01,-106.27,42.36,0.5,248.628,basal4_02122,7.99218368157289
476,76.01,-106.27,42.36,0.5,248.628,76.8,-110.22,49.92,0.5,257.195,basal4_02122,8.56622437249924
477,76.8,-110.22,49.92,0.5,257.195,80.23,-112.72,56.82,0.5,265.295,basal4_02122,8.10091970087348
478,25.78,-12.29,-0.9,1.5,0,28.88,-4.77,16.26,1,18.9902,basal4_022,18.990155344283
479,28.88,-4.77,16.26,1,18.9902,35.68,-1.1,17.67,1,26.8449,basal4_022,7.85474378958346
480,35.68,-1.1,17.67,1,26.8449,42.16,1.1,21.27,1,34.5773,basal4_022,7.7324252340388
481,42.16,1.1,21.27,1,34.5773,52.58,2.97,24.06,1,45.5253,basal4_022,10.9479404455815
482,52.58,2.97,24.06,1,45.5253,59.45,4.58,27.06,1,53.1927,basal4_022,7.667398515794
483,59.45,4.58,27.06,1,53.1927,70.55,7.33,27,1,64.6284,basal4_022,11.4357378423956
484,70.55,7.33,27,1,64.6284,73.34,7.14,30.9,0.5,69.4274,basal4_022,4.79897905809142
485,73.34,7.14,30.9,0.5,69.4274,83.15,7.64,32.94,0.5,79.4597,basal4_022,10.0323327297294
486,83.15,7.64,32.94,0.5,79.4597,91.89,5.8,32.94,0.5,88.3913,basal4_022,8.93158440591589
487,91.89,5.8,32.94,0.5,0,96.54,5.31,36.69,0.5,5.99376,basal4_0221,5.99375508341808
488,96.54,5.31,36.69,0.5,5.99376,101.28,18.14,39.96,0.5,20.0568,basal4_0221,14.063050878099
489,101.28,18.14,39.96,0.5,20.0568,110.6,25.14,42.96,0.5,32.0927,basal4_0221,12.0358796936493
490,110.6,25.14,42.96,0.5,32.0927,119.42,33.14,41.55,0.5,44.0835,basal4_0221,11.9908506787467
491,119.42,33.14,41.55,0.5,44.0835,123.83,32.14,39.45,0.5,49.0693,basal4_0221,4.9857898070416
492,123.83,32.14,39.45,0.5,0,130.21,28.64,35.34,0.5,8.35743,basal4_02211,8.35742185126491
493,130.21,28.64,35.34,0.5,8.35743,135.6,27.64,28.2,0.5,17.3592,basal4_02211,9.00176093883857
494,123.83,32.14,39.45,0.5,0,126.28,33.64,48.24,0.5,9.24752,basal4_02212,9.24751858608568
495,126.28,33.64,48.24,0.5,9.24752,135.6,34.14,48,0.5,18.584,basal4_02212,9.33648756224737
496,135.6,34.14,48,0.5,18.584,141.97,36.64,52.32,0.5,26.6766,basal4_02212,8.09254595291247
497,141.97,36.64,52.32,0.5,26.6766,147.36,35.14,52.08,0.5,32.2765,basal4_02212,5.59997321422167
498,147.36,35.14,52.08,0.5,32.2765,151.28,36.14,53.94,0.5,36.7292,basal4_02212,4.45263966653489
499,151.28,36.14,53.94,0.5,36.7292,153.25,33.64,53.94,0.5,39.9121,basal4_02212,3.18290747587799
500,153.25,33.64,53.94,0.5,39.9121,159.62,35.64,53.88,0.5,46.5889,basal4_02212,6.67686303588744
501,91.89,5.8,32.94,0.5,0,97.33,-1.71,33.95,0.5,9.32812,basal4_0222,9.32811878140496
502,97.33,-1.71,33.95,0.5,9.32812,98.2,-3.88,37.86,0.5,13.8838,basal4_0222,4.55564485007337
503,98.2,-3.88,37.86,0.5,13.8838,103.1,-4.88,44.73,0.5,22.3812,basal4_0222,8.49746432766857
504,103.1,-4.88,44.73,0.5,22.3812,106.04,-4.88,50.04,0.5,28.4508,basal4_0222,6.06957164880687
505,106.04,-4.88,50.04,0.5,28.4508,108.98,-7.88,53.55,0.5,33.9247,basal4_0222,5.4739108505711
506,108.98,-7.88,53.55,0.5,33.9247,111.92,-5.38,57.54,0.5,39.4757,basal4_0222,5.55100891730503
507,111.92,-5.38,57.54,0.5,39.4757,117.31,0.12,60.6,0.5,47.7622,basal4_0222,8.28647693534472
508,-10.2,3.83,-3.3,4.5,0,-15.95,5.17,-2.22,4.5,6.00204,apical1_0,6.00204131941792
509,-15.95,5.17,-2.22,4.5,6.00204,-22.18,6.38,-1.89,4.5,12.357,apical1_0,6.35499016521662
510,-22.18,6.38,-1.89,4.5,12.357,-32.42,10.09,-3.93,3,23.4378,apical1_0,11.0807626091348
511,-32.42,10.09,-3.93,3,23.4378,-39.13,11.51,-4.47,3,30.3176,apical1_0,6.87983284680667
512,-39.13,11.51,-4.47,3,30.3176,-54.11,14.19,-5.79,3,45.5926,apical1_0,15.2749860883734
513,-54.11,14.19,-5.79,3,45.5926,-59.3,15.35,-5.79,3,50.9107,apical1_0,5.31805415542188
514,-59.3,15.35,-5.79,3,0,-61.34,7.84,-3.39,1,8.14381,apical1_01,8.14381360297496
515,-61.34,7.84,-3.39,1,8.14381,-65.44,5.34,-4.11,1,12.9996,apical1_01,4.85575946685994
516,-65.44,5.34,-4.11,1,12.9996,-70.82,4.66,-6,1,18.7423,apical1_01,5.74272583360898
517,-70.82,4.66,-6,1,18.7423,-73.27,4.57,-5.76,1,21.2057,apical1_01,2.46337167313421
518,-73.27,4.57,-5.76,1,21.2057,-78.15,3.9,-6.72,1,26.2241,apical1_01,5.01845593783587
519,-78.15,3.9,-6.72,1,0,-82.92,0.55,-8.55,0.5,6.10936,apical1_011,6.10936166878341
520,-82.92,0.55,-8.55,0.5,6.10936,-88.3,-0.46,-10.14,0.5,11.8096,apical1_011,5.70022806561281
521,-88.3,-0.46,-10.14,0.5,11.8096,-90.13,-4.02,-11.1,0.5,15.9259,apical1_011,4.11632117308647
522,-90.13,-4.02,-11.1,0.5,15.9259,-91.95,-8.09,-11.55,0.5,20.407,apical1_011,4.48104898433392
523,-91.95,-8.09,-11.55,0.5,20.407,-94.32,-10.67,-11.55,0.5,23.9103,apical1_011,3.50332699016234
524,-94.32,-10.67,-11.55,0.5,0,-97.59,-15.29,-11.94,0.5,5.67357,apical1_0111,5.67357030449082
525,-97.59,-15.29,-11.94,0.5,5.67357,-97.97,-18.31,-11.67,0.5,8.72933,apical1_0111,3.05576504332385
526,-97.97,-18.31,-11.67,0.5,0,-99.79,-22.37,-11.85,0.5,4.45291,apical1_01111,4.45290916143593
527,-99.79,-22.37,-11.85,0.5,4.45291,-102.61,-25.97,-12.18,0.5,9.03781,apical1_01111,4.58489912648031
528,-102.61,-25.97,-12.18,0.5,9.03781,-108.87,-29.19,-13.08,0.5,16.1347,apical1_01111,7.09690073200972
529,-108.87,-29.19,-13.08,0.5,16.1347,-115.17,-31.41,-14.52,0.5,22.9679,apical1_01111,6.83315446920381
530,-115.17,-31.41,-14.52,0.5,22.9679,-120.47,-34.1,-13.38,0.5,29.0198,apical1_01111,6.0519170516457
531,-120.47,-34.1,-13.38,0.5,29.0198,-127.75,-36.36,-14.34,0.5,36.7027,apical1_01111,7.68294214477761
532,-127.75,-36.36,-14.34,0.5,36.7027,-130.61,-38.96,-17.34,0.5,41.5955,apical1_01111,4.89281105296333
533,-130.61,-38.96,-17.34,0.5,41.5955,-143.38,-38.4,-19.23,0.5,54.5168,apical1_01111,12.9212460699423
534,-143.38,-38.4,-19.23,0.5,54.5168,-150.83,-35.66,-18.48,0.5,62.49,apical1_01111,7.97324275310869
535,-150.83,-35.66,-18.48,0.5,62.49,-159.82,-30.97,-18.42,0.5,72.63,apical1_01111,10.1400098619281
536,-159.82,-30.97,-18.42,0.5,72.63,-166.31,-27.7,-17.25,0.5,79.9909,apical1_01111,7.3608355503978
537,-166.31,-27.7,-17.25,0.5,79.9909,-172.75,-25.92,-16.41,0.5,86.7249,apical1_01111,6.73406266677107
538,-172.75,-25.92,-16.41,0.5,86.7249,-180.07,-27.18,-19.11,0.5,94.6281,apical1_01111,7.90316392339169
539,-97.97,-18.31,-11.67,0.5,0,-94.98,-19.7,-12.06,0.5,3.32028,apical1_01112,3.32028613224824
540,-94.98,-19.7,-12.06,0.5,3.32028,-94.81,-24.7,-14.7,0.5,8.97701,apical1_01112,5.65672166541717
541,-94.81,-24.7,-14.7,0.5,8.97701,-91.13,-31.58,-16.71,0.5,17.0341,apical1_01112,8.05710245683894
542,-91.13,-31.58,-16.71,0.5,17.0341,-94,-33.68,-18.15,0.5,20.8708,apical1_01112,3.83673037885125
543,-94,-33.68,-18.15,0.5,20.8708,-92.43,-43.63,-20.67,0.5,31.2544,apical1_01112,10.3835350435196
544,-92.43,-43.63,-20.67,0.5,31.2544,-93.76,-47.68,-20.97,0.5,35.5277,apical1_01112,4.27333593343654
545,-93.76,-47.68,-20.97,0.5,35.5277,-98.99,-52.36,-25.95,0.5,44.1333,apical1_01112,8.60556215479267
546,-98.99,-52.36,-25.95,0.5,44.1333,-99.59,-57.91,-24.96,0.5,49.8027,apical1_01112,5.66944441722467
547,-94.32,-10.67,-11.55,0.5,0,-97.83,-8.29,-16.86,0.5,6.79563,apical1_0112,6.7956309493674
548,-97.83,-8.29,-16.86,0.5,6.79563,-102.8,-6.47,-16.98,0.5,12.0898,apical1_0112,5.29411937908468
549,-102.8,-6.47,-16.98,0.5,12.0898,-110.69,-5.24,-18.63,0.5,20.2437,apical1_0112,8.15398675495613
550,-110.69,-5.24,-18.63,0.5,20.2437,-116.05,-6.43,-20.58,0.5,26.0702,apical1_0112,5.8265083883918
551,-116.05,-6.43,-20.58,0.5,26.0702,-117.39,-9.98,-22.26,0.5,30.22,apical1_0112,4.14975902914856
552,-117.39,-9.98,-22.26,0.5,30.22,-125.58,-14.27,-24.72,0.5,39.7872,apical1_0112,9.56722530308553
553,-125.58,-14.27,-24.72,0.5,39.7872,-131.81,-18.49,-26.19,0.5,47.4542,apical1_0112,7.66695506703933
554,-131.81,-18.49,-26.19,0.5,47.4542,-135.27,-17.61,-28.17,0.5,51.5366,apical1_0112,4.08245024464476
555,-135.27,-17.61,-28.17,0.5,51.5366,-137.78,-16.19,-29.58,0.5,54.7467,apical1_0112,3.21007788067516
556,-78.15,3.9,-6.72,1,0,-80.68,6.31,-10.71,1,5.30369,apical1_012,5.30368739651952
557,-80.68,6.31,-10.71,1,5.30369,-84.69,8.67,-12.51,1,10.2926,apical1_012,4.98895780699736
558,-84.69,8.67,-12.51,1,10.2926,-88.12,8.55,-11.61,1,13.8408,apical1_012,3.54814035799037
559,-88.12,8.55,-11.61,1,13.8408,-88.59,8.04,-11.7,1,14.5401,apical1_012,0.699356847396235
560,-88.59,8.04,-11.7,1,0,-94.49,8.33,-9.99,1,6.14965,apical1_0121,6.14965039656726
561,-94.49,8.33,-9.99,1,6.14965,-101.4,9.59,-9.54,1,13.188,apical1_0121,7.0383378719695
562,-101.4,9.59,-9.54,1,13.188,-108.75,9.34,-11.25,1,20.7384,apical1_0121,7.5504370734415
563,-108.75,9.34,-11.25,1,20.7384,-112.58,6.7,-12,1,25.4502,apical1_0121,4.71179371365088
564,-112.58,6.7,-12,1,25.4502,-117.41,4.53,-10.83,1,30.873,apical1_0121,5.42279448255233
565,-117.41,4.53,-10.83,1,30.873,-122.31,4.36,-12.36,1,36.0091,apical1_0121,5.13612694547166
566,-122.31,4.36,-12.36,1,36.0091,-128.17,3.65,-12.12,1,41.9169,apical1_0121,5.90773222141964
567,-128.17,3.65,-12.12,1,41.9169,-133.38,-1.53,-12.36,0.5,49.2677,apical1_0121,7.35078907329003
568,-133.38,-1.53,-12.36,0.5,49.2677,-137.23,-3.67,-13.32,0.5,53.7758,apical1_0121,4.50818145153896
569,-137.23,-3.67,-13.32,0.5,53.7758,-142.45,-8.85,-13.14,0.5,61.132,apical1_0121,7.35616748042076
570,-142.45,-8.85,-13.14,0.5,61.132,-146.73,-12.5,-11.61,0.5,66.9614,apical1_0121,5.82939104881462
571,-146.73,-12.5,-11.61,0.5,66.9614,-154.54,-13.78,-9.51,0.5,75.1495,apical1_0121,8.18807059080465
572,-154.54,-13.78,-9.51,0.5,75.1495,-162.81,-15.57,-7.92,0.5,83.7591,apical1_0121,8.60959348633837
573,-162.81,-15.57,-7.92,0.5,83.7591,-165.14,-19.15,-6.84,0.5,88.1649,apical1_0121,4.40587108299822
574,-165.14,-19.15,-6.84,0.5,88.1649,-166.49,-22.7,-5.55,0.5,92.1761,apical1_0121,4.01112203753514
575,-166.49,-22.7,-5.55,0.5,92.1761,-166.4,-25.2,-4.23,0.5,95.0046,apical1_0121,2.82851551171281
576,-88.59,8.04,-11.7,1,0,-90.66,10.97,-13.08,0.5,3.84373,apical1_0122,3.84372215437068
577,-90.66,10.97,-13.08,0.5,3.84373,-94.61,11.83,-12.3,0.5,7.96082,apical1_0122,4.11709849287092
578,-94.61,11.83,-12.3,0.5,7.96082,-98,10.71,-12.48,0.5,11.5356,apical1_0122,3.57475873311752
579,-98,10.71,-12.48,0.5,11.5356,-105.42,12.45,-13.32,0.5,19.203,apical1_0122,7.66743764239397
580,-105.42,12.45,-13.32,0.5,19.203,-112.35,14.21,-11.82,0.5,26.5087,apical1_0122,7.30564849962
581,-112.35,14.21,-11.82,0.5,26.5087,-117.3,15.54,-11.61,0.5,31.6385,apical1_0122,5.1298635459435
582,-117.3,15.54,-11.61,0.5,31.6385,-120.28,16.44,-13.02,0.5,35.0559,apical1_0122,3.4173820389298
583,-120.28,16.44,-13.02,0.5,35.0559,-126.23,18.23,-14.22,0.5,41.3842,apical1_0122,6.32823830145484
584,-126.23,18.23,-14.22,0.5,41.3842,-128.71,19.14,-16.74,0.5,45.035,apical1_0122,3.65087660706302
585,-128.71,19.14,-16.74,0.5,45.035,-131.68,20.04,-18,0.5,48.3844,apical1_0122,3.34940293186711
586,-131.68,20.04,-18,0.5,48.3844,-135.74,23.9,-19.05,0.5,54.0841,apical1_0122,5.6996227945365
587,-135.74,23.9,-19.05,0.5,54.0841,-137.34,27.35,-20.52,0.5,58.1612,apical1_0122,4.07718039826545
588,-137.34,27.35,-20.52,0.5,58.1612,-142.32,29.68,-20.43,0.5,63.6601,apical1_0122,5.49885442615095
589,-142.32,29.68,-20.43,0.5,63.6601,-144.37,32.11,-19.56,0.5,66.9562,apical1_0122,3.2961037605027
590,-144.37,32.11,-19.56,0.5,66.9562,-145.79,30.56,-24.84,0.5,72.6393,apical1_0122,5.68307135271061
591,-145.79,30.56,-24.84,0.5,72.6393,-153.62,30.28,-26.55,0.5,80.6587,apical1_0122,8.01943888311397
592,-153.62,30.28,-26.55,0.5,80.6587,-162.39,28.47,-28.11,0.5,89.7484,apical1_0122,9.08969746471244
593,-162.39,28.47,-28.11,0.5,89.7484,-165.33,28.37,-27.54,0.5,92.7448,apical1_0122,2.99641452406041
594,-165.33,28.37,-27.54,0.5,92.7448,-170.21,27.7,-27.66,0.5,97.6721,apical1_0122,4.9272406070741
595,-170.21,27.7,-27.66,0.5,97.6721,-175.09,27.03,-29.46,0.5,102.916,apical1_0122,5.24435887406649
596,-175.09,27.03,-29.46,0.5,102.916,-182.44,26.77,-27.57,0.5,110.51,apical1_0122,7.59356306354269
597,-59.3,15.35,-5.79,3,0,-68.21,16.16,-4.17,3,9.09223,apical1_02,9.09222744986067
598,-68.21,16.16,-4.17,3,9.09223,-83.18,18.83,-1.5,2.5,24.5311,apical1_02,15.4388697772862
599,-83.18,18.83,-1.5,2.5,24.5311,-89.31,20.65,-0.36,2.5,31.0264,apical1_02,6.49529829953944
600,-89.31,20.65,-0.36,2.5,0,-92.62,12.15,0.39,1,9.15252,apical1_021,9.15251877900286
601,-92.62,12.15,0.39,1,9.15252,-95.24,4.53,0.18,1,17.2131,apical1_021,8.06057690243074
602,-95.24,4.53,0.18,1,0,-101.53,-3.85,-34.71,1,36.4294,apical1_0211,36.4293919795541
603,-101.53,-3.85,-34.71,1,36.4294,-112.73,-11.69,-34.71,1,50.1007,apical1_0211,13.6713422896217
604,-112.73,-11.69,-34.71,1,0,-119.45,-17.42,-32.25,0.5,9.16749,apical1_02111,9.16749147804349
605,-119.45,-17.42,-32.25,0.5,9.16749,-125.49,-22.27,-35.19,0.5,17.4529,apical1_02111,8.28539075723046
606,-125.49,-22.27,-35.19,0.5,17.4529,-133.76,-28.18,-36.27,0.5,27.6748,apical1_02111,10.2219078454073
607,-133.76,-28.18,-36.27,0.5,27.6748,-140.4,-33.41,-36.87,0.5,36.1484,apical1_02111,8.47363558338451
608,-140.4,-33.41,-36.87,0.5,36.1484,-147.36,-35.51,-36.03,0.5,43.4667,apical1_02111,7.31827848609221
609,-147.36,-35.51,-36.03,0.5,43.4667,-151.92,-40.81,-41.61,1,52.4121,apical1_02111,8.94538987411951
610,-151.92,-40.81,-41.61,1,52.4121,-156.75,-42.98,-41.61,1,57.7072,apical1_02111,5.29507318174169
611,-156.75,-42.98,-41.61,1,57.7072,-161.14,-43.63,-41.37,0.5,62.1515,apical1_02111,4.44434472110343
612,-161.14,-43.63,-41.37,0.5,62.1515,-161.56,-45.65,-41.31,0.5,64.2156,apical1_02111,2.0640736420971
613,-161.56,-45.65,-41.31,0.5,64.2156,-163.37,-50.21,-41.37,0.5,69.122,apical1_02111,4.90645493202577
614,-163.37,-50.21,-41.37,0.5,69.122,-165.75,-52.3,-42.81,0.5,72.6014,apical1_02111,3.47938212905682
615,-165.75,-52.3,-42.81,0.5,72.6014,-170.05,-55.45,-42.81,0.5,77.9318,apical1_02111,5.33033770037135
616,-170.05,-55.45,-42.81,0.5,77.9318,-172.39,-58.53,-42.81,0.5,81.7998,apical1_02111,3.86807445636713
617,-172.39,-58.53,-42.81,0.5,81.7998,-174.27,-61.1,-44.67,0.5,85.4875,apical1_02111,3.6876686402116
618,-174.27,-61.1,-44.67,0.5,85.4875,-177.07,-65.2,-44.67,0.5,90.4524,apical1_02111,4.96487663492256
619,-177.07,-65.2,-44.67,0.5,90.4524,-180.43,-67.32,-43.95,0.5,94.49,apical1_02111,4.03762306314
620,-112.73,-11.69,-34.71,1,0,-110.6,-11.12,-33.69,0.5,2.42945,apical1_02112,2.42944438092335
621,-110.6,-11.12,-33.69,0.5,2.42945,-116.2,-18.62,-30.03,0.5,12.4796,apical1_02112,10.0501542276723
622,-116.2,-18.62,-30.03,0.5,12.4796,-117.76,-25.96,-27.03,0.5,20.561,apical1_02112,8.08141076792907
623,-117.76,-25.96,-27.03,0.5,20.561,-125.36,-38.14,-28.29,0.5,34.9728,apical1_02112,14.4118007202431
624,-125.36,-38.14,-28.29,0.5,34.9728,-125.69,-46.76,-29.37,0.5,43.6665,apical1_02112,8.69365860843408
625,-125.69,-46.76,-29.37,0.5,43.6665,-121.98,-55.22,-27.27,0.5,53.1399,apical1_02112,9.47342071270985
626,-121.98,-55.22,-27.27,0.5,53.1399,-119.22,-63.47,-32.79,0.5,63.4428,apical1_02112,10.3029364746173
627,-119.22,-63.47,-32.79,0.5,63.4428,-119.14,-70.14,-38.79,0.5,72.4147,apical1_02112,8.97191729788009
628,-95.24,4.53,0.18,1,0,-91.22,-2.46,-20.61,0.5,22.299,apical1_0212,22.2989820395461
629,-91.22,-2.46,-20.61,0.5,22.299,-86.19,-7.11,-19.23,0.5,29.2867,apical1_0212,6.98768917454118
630,-86.19,-7.11,-19.23,0.5,29.2867,-81.65,-11.65,-17.91,0.5,35.8415,apical1_0212,6.55481502408725
631,-81.65,-11.65,-17.91,0.5,35.8415,-80.66,-16.46,-23.13,0.5,43.0084,apical1_0212,7.16691007338588
632,-80.66,-16.46,-23.13,0.5,43.0084,-75.09,-23.27,-26.91,0.5,52.5839,apical1_0212,9.57545821357912
633,-75.09,-23.27,-26.91,0.5,52.5839,-70.96,-29.77,-22.95,0.5,61.2434,apical1_0212,8.65959005958135
634,-70.96,-29.77,-22.95,0.5,61.2434,-67,-34.7,-18.39,0.5,69.0396,apical1_0212,7.79615931084018
635,-67,-34.7,-18.39,0.5,69.0396,-63.46,-41.59,-17.79,0.5,76.809,apical1_0212,7.76940795685231
636,-63.46,-41.59,-17.79,0.5,76.809,-60.86,-48.28,-22.11,0.5,85.1863,apical1_0212,8.3772608888586
637,-60.86,-48.28,-22.11,0.5,85.1863,-55.29,-55.08,-18.69,0.5,94.6182,apical1_0212,9.43192981314004
638,-55.29,-55.08,-18.69,0.5,94.6182,-49.31,-59.93,-12.93,0.5,104.234,apical1_0212,9.61563830434569
639,-49.31,-59.93,-12.93,0.5,104.234,-44.56,-63.5,-11.37,0.5,110.377,apical1_0212,6.1433704104506
640,-44.56,-63.5,-11.37,0.5,110.377,-38.4,-69.92,-5.37,0.5,121.109,apical1_0212,10.731355925511
641,-89.31,20.65,-0.36,2.5,0,-94.06,24.21,1.86,2,6.33755,apical1_022,6.33754684400834
642,-94.06,24.21,1.86,2,0,-95.32,30.1,-0.15,1,6.34979,apical1_0221,6.34978739801578
643,-95.32,30.1,-0.15,1,6.34979,-97.12,38.15,0.84,1,14.6578,apical1_0221,8.30798411168437
644,-97.12,38.15,0.84,1,14.6578,-101.29,42.11,-1.59,0.5,20.9008,apical1_0221,6.24302811142157
645,-101.29,42.11,-1.59,0.5,20.9008,-101.75,49.36,0.18,0.5,28.3779,apical1_0221,7.47709836768248
646,-101.75,49.36,0.18,0.5,28.3779,-104.24,56.53,0.24,0.5,35.9682,apical1_0221,7.59029643689889
647,-104.24,56.53,0.24,0.5,35.9682,-108.09,61.95,-2.13,0.5,43.0262,apical1_0221,7.05803088686923
648,-108.09,61.95,-2.13,0.5,0,-109.49,64.81,-32.01,0.5,30.0492,apical1_02211,30.0491930008112
649,-109.49,64.81,-32.01,0.5,30.0492,-114.24,68.37,-34.53,0.5,36.498,apical1_02211,6.44875957064613
650,-114.24,68.37,-34.53,0.5,36.498,-119.76,73.12,-34.89,0.5,43.7892,apical1_02211,7.29126189352708
651,-119.76,73.12,-34.89,0.5,43.7892,-122.6,75.08,-37.35,0.5,48.027,apical1_02211,4.23778243896497
652,-122.6,75.08,-37.35,0.5,48.027,-129.14,79.85,-39.75,0.5,56.47,apical1_02211,8.4430148643716
653,-129.14,79.85,-39.75,0.5,56.47,-133.64,82.2,-48.81,0.5,66.8554,apical1_02211,10.3853791457029
654,-133.64,82.2,-48.81,0.5,66.8554,-134.76,86.16,-51.63,0.5,71.8442,apical1_02211,4.98882751756362
655,-134.76,86.16,-51.63,0.5,71.8442,-140.34,91.47,-47.55,0.5,80.5608,apical1_02211,8.71658763507832
656,-140.34,91.47,-47.55,0.5,80.5608,-143.89,94.85,-52.95,0.5,87.8537,apical1_02211,7.29293493732118
657,-143.89,94.85,-52.95,0.5,87.8537,-147.47,99.22,-56.07,0.5,94.3073,apical1_02211,6.45350292476885
658,-147.47,99.22,-56.07,0.5,94.3073,-150.52,102.12,-59.25,0.5,99.5822,apical1_02211,5.27493127917323
659,-150.52,102.12,-59.25,0.5,99.5822,-152.14,106.57,-62.73,0.5,105.459,apical1_02211,5.87684439133791
660,-152.14,106.57,-62.73,0.5,105.459,-155.22,110.46,-58.23,0.5,112.157,apical1_02211,6.69839533022649
661,-155.22,110.46,-58.23,0.5,112.157,-159.68,111.81,-58.47,0.5,116.823,apical1_02211,4.66601543075032
662,-159.68,111.81,-58.47,0.5,116.823,-162.75,117.84,-68.67,0.5,129.064,apical1_02211,12.2403349627369
663,-162.75,117.84,-68.67,0.5,129.064,-170.27,122.58,-69.57,0.5,137.998,apical1_02211,8.9346516440206
664,-170.27,122.58,-69.57,0.5,137.998,-177.2,124.34,-76.95,0.5,148.274,apical1_02211,10.2755486471526
665,-177.2,124.34,-76.95,0.5,148.274,-181.17,125.71,-81.45,0.5,154.429,apical1_02211,6.15530665361198
666,-181.17,125.71,-81.45,0.5,154.429,-185.65,127.55,-83.43,0.5,159.662,apical1_02211,5.23224617157872
667,-185.65,127.55,-83.43,0.5,159.662,-193.1,130.29,-89.55,0.5,169.685,apical1_02211,10.0231980924254
668,-193.1,130.29,-89.55,0.5,169.685,-197.18,134.65,-94.65,0.5,177.537,apical1_02211,7.85277021184246
669,-197.18,134.65,-94.65,0.5,177.537,-201.24,138.51,-102.03,0.5,186.803,apical1_02211,9.2653979946897
670,-201.24,138.51,-102.03,0.5,186.803,-207.19,140.31,-107.67,0.5,195.196,apical1_02211,8.39357492371396
671,-207.19,140.31,-107.67,0.5,195.196,-213.71,144.58,-113.19,0.5,204.747,apical1_02211,9.55058636943304
672,-213.71,144.58,-113.19,0.5,204.747,-226.17,150.15,-121.35,0.5,220.649,apical1_02211,15.9016382803785
673,-108.09,61.95,-2.13,0.5,0,-114.01,64.75,-14.07,0.5,13.618,apical1_02212,13.6180027904242
674,-114.01,64.75,-14.07,0.5,13.618,-117.86,65.56,-27.33,0.5,27.4494,apical1_02212,13.8313484519768
675,-117.86,65.56,-27.33,0.5,27.4494,-124.09,66.89,-35.19,0.5,37.5667,apical1_02212,10.1173810840553
676,-124.09,66.89,-35.19,0.5,37.5667,-131.21,66.36,-42.39,0.5,47.7065,apical1_02212,10.1397879662249
677,-94.06,24.21,1.86,2,0,-104.99,27.05,5.31,2,11.8082,apical1_0222,11.8081751342026
678,-104.99,27.05,5.31,2,11.8082,-110.05,28.68,10.11,2,18.9706,apical1_0222,7.1624367361953
679,-110.05,28.68,10.11,2,18.9706,-114.3,31.58,10.11,2,24.1158,apical1_0222,5.14514334105475
680,-114.3,31.58,10.11,2,0,-121.51,25.96,24,1,16.6283,apical1_02221,16.6283071898495
681,-121.51,25.96,24,1,16.6283,-126.45,23.94,24.36,1,21.9775,apical1_02221,5.34916815963005
682,-126.45,23.94,24.36,1,21.9775,-132.82,22.23,25.98,1,28.769,apical1_02221,6.79156830194616
683,-132.82,22.23,25.98,1,28.769,-138.98,16.89,25.71,1,36.9259,apical1_02221,8.1568437523346
684,-138.98,16.89,25.71,1,36.9259,-144.16,11.35,24.84,1,44.5601,apical1_02221,7.63419281915253
685,-144.16,11.35,24.84,1,44.5601,-150.04,4.93,27.48,1,53.6573,apical1_02221,9.09727431706882
686,-150.04,4.93,27.48,1,53.6573,-155.6,-0.02,28.92,1,61.2396,apical1_02221,7.58219625174659
687,-155.6,-0.02,28.92,1,61.2396,-164.99,-4.16,30.27,1,71.5901,apical1_02221,10.3505652019588
688,-164.99,-4.16,30.27,1,71.5901,-177.27,-7.68,30.66,1,84.3706,apical1_02221,12.7804890360268
689,-177.27,-7.68,30.66,1,84.3706,-182.55,-6.56,32.31,1,90.0147,apical1_02221,5.64404996434298
690,-182.55,-6.56,32.31,1,90.0147,-192.44,-5.99,32.85,0.5,99.9358,apical1_02221,9.92111888851251
691,-192.44,-5.99,32.85,0.5,99.9358,-201.5,-6.11,33.69,0.5,109.035,apical1_02221,9.09964834485377
692,-201.5,-6.11,33.69,0.5,109.035,-208.62,-6.64,31.92,0.5,116.391,apical1_02221,7.35582762168881
693,-208.62,-6.64,31.92,0.5,116.391,-215.64,-6.69,30.99,0.5,123.473,apical1_02221,7.08151113816816
694,-215.64,-6.69,30.99,0.5,123.473,-230.66,-6.56,31.86,0.5,138.518,apical1_02221,15.0457369377508
695,-230.66,-6.56,31.86,0.5,138.518,-237.78,-7.09,33.99,0.5,145.969,apical1_02221,7.45065097827029
696,-237.78,-7.09,33.99,0.5,145.969,-246.84,-7.21,36.69,0.5,155.424,apical1_02221,9.45452272724541
697,-246.84,-7.21,36.69,0.5,155.424,-255.67,-6.36,39.24,0.5,164.654,apical1_02221,9.23005417102195
698,-255.67,-6.36,39.24,0.5,164.654,-267.28,-4.4,40.38,0.5,176.483,apical1_02221,11.8293406409656
699,-267.28,-4.4,40.38,0.5,176.483,-273.83,-4.54,40.41,0.5,183.035,apical1_02221,6.55156469860446
700,-114.3,31.58,10.11,2,0,-117.1,33.71,7.41,2,4.43473,apical1_02222,4.43473787274964
701,-117.1,33.71,7.41,2,0,-118.17,41.71,0.87,1,10.3883,apical1_022221,10.3882866729793
702,-118.17,41.71,0.87,1,10.3883,-119.09,47.46,0.87,1,16.2114,apical1_022221,5.8231348945392
703,-119.09,47.46,0.87,1,0,-118.79,50.52,27.75,1,27.0553,apical1_0222211,27.0552767496472
704,-118.79,50.52,27.75,1,27.0553,-126.67,57.8,23.82,1,38.4806,apical1_0222211,11.4253096238133
705,-126.67,57.8,23.82,1,38.4806,-139.96,63.69,23.1,1,53.0351,apical1_0222211,14.5545388109689
706,-139.96,63.69,23.1,1,53.0351,-154.16,66.93,22.65,1,67.607,apical1_0222211,14.5718941802361
707,-154.16,66.93,22.65,1,67.607,-166.16,68.69,19.05,1,80.2584,apical1_0222211,12.6513872757101
708,-166.16,68.69,19.05,1,80.2584,-168.25,69.56,20.31,1,82.8493,apical1_0222211,2.59086858022556
709,-168.25,69.56,20.31,1,82.8493,-178.19,73.42,20.31,1,93.5124,apical1_0222211,10.6631702602931
710,-178.19,73.42,20.31,1,0,-185.15,75.97,-13.47,1,34.5837,apical1_02222111,34.5837028092713
711,-185.15,75.97,-13.47,1,34.5837,-190.71,80.78,-13.77,1,41.9417,apical1_02222111,7.3579684696253
712,-190.71,80.78,-13.77,1,41.9417,-194.26,84.16,-16.71,1,47.6575,apical1_02222111,5.71581140346669
713,-194.26,84.16,-16.71,1,47.6575,-200.79,88.43,-20.49,1,56.3271,apical1_02222111,8.66961360153958
714,-200.79,88.43,-20.49,1,56.3271,-202.91,92.86,-21.21,1,61.2907,apical1_02222111,4.96363777888757
715,-202.91,92.86,-21.21,1,61.2907,-208.42,96.17,-19.17,1,68.0345,apical1_02222111,6.74372300736025
716,-208.42,96.17,-19.17,1,68.0345,-217.36,99.36,-20.37,1,77.6021,apical1_02222111,9.56763816205444
717,-217.36,99.36,-20.37,1,77.6021,-222.9,103.67,-25.23,1,86.1395,apical1_02222111,8.53740592920355
718,-222.9,103.67,-25.23,1,0,-227.8,103.5,15.06,0.5,40.5872,apical1_022221111,40.587227054826
719,-227.8,103.5,15.06,0.5,40.5872,-235.15,103.24,15.45,0.5,47.9522,apical1_022221111,7.3649304137921
720,-235.15,103.24,15.45,0.5,47.9522,-240.59,104.55,14.01,0.5,53.73,apical1_022221111,5.77782831174482
721,-222.9,103.67,-25.23,1,0,-227.89,106,20.67,1,46.2292,apical1_022221112,46.2292007285439
722,-227.89,106,20.67,1,46.2292,-234.29,106.77,20.61,1,52.6756,apical1_022221112,6.44643312227778
723,-234.29,106.77,20.61,1,52.6756,-240.19,107.07,20.37,1,58.5881,apical1_022221112,5.91249524312706
724,-240.19,107.07,20.37,1,58.5881,-246.12,108.36,18.93,1,64.8253,apical1_022221112,6.2371948823169
725,-246.12,108.36,18.93,1,64.8253,-250.63,111.21,18.9,1,70.1604,apical1_022221112,5.33511949256995
726,-250.63,111.21,18.9,1,70.1604,-254.29,117.58,18.45,0.5,77.5208,apical1_022221112,7.36036683868406
727,-254.29,117.58,18.45,0.5,77.5208,-256.49,124.51,16.14,0.5,85.1498,apical1_022221112,7.62895798913588
728,-256.49,124.51,16.14,0.5,0,-259.45,124.91,15.63,0.5,3.03015,apical1_0222211121,3.0301320103256
729,-259.45,124.91,15.63,0.5,3.03015,-266.94,128.65,14.91,0.5,11.4329,apical1_0222211121,8.40274359956319
730,-266.94,128.65,14.91,0.5,11.4329,-273.94,132.41,13.44,0.5,19.5136,apical1_0222211121,8.08074872768606
731,-273.94,132.41,13.44,0.5,19.5136,-279.9,134.7,13.14,0.5,25.9055,apical1_0222211121,6.3918463686168
732,-279.9,134.7,13.14,0.5,25.9055,-280.44,136.18,12.15,0.5,27.7661,apical1_0222211121,1.86067192164553
733,-280.44,136.18,12.15,0.5,27.7661,-287.41,138.94,12.12,0.5,35.2628,apical1_0222211121,7.4966259077001
734,-256.49,124.51,16.14,0.5,0,-255.5,124.04,16.17,0.5,1.0963,apical1_0222211122,1.09631199938704
735,-255.5,124.04,16.17,0.5,1.0963,-259.64,130.4,16.17,0.5,8.68506,apical1_0222211122,7.58875483857529
736,-259.64,130.4,16.17,0.5,8.68506,-262.7,133.8,15.18,0.5,13.3652,apical1_0222211122,4.68013888682805
737,-262.7,133.8,15.18,0.5,13.3652,-266.27,137.68,14.04,0.5,18.7595,apical1_0222211122,5.39433962594124
738,-266.27,137.68,14.04,0.5,18.7595,-268.34,140.61,11.82,0.5,22.9783,apical1_0222211122,4.21879129609418
739,-268.34,140.61,11.82,0.5,22.9783,-273.39,144.93,13.17,0.5,29.7597,apical1_0222211122,6.7814010351844
740,-178.19,73.42,20.31,1,0,-184.98,71.37,-15.39,1.36,36.3978,apical1_02222112,36.3977554253006
741,-184.98,71.37,-15.39,1.36,36.3978,-184.98,72.05,-65.04,1.36,86.0524,apical1_02222112,49.6546563778262
742,-184.98,72.05,-65.04,1.36,86.0524,-189.68,74.33,-55.47,0.5,96.9553,apical1_02222112,10.902903283071
743,-189.68,74.33,-55.47,0.5,96.9553,-199.04,75.51,-57.15,0.5,106.538,apical1_02222112,9.58250489172845
744,-199.04,75.51,-57.15,0.5,106.538,-206.88,75.23,-57.15,0.5,114.383,apical1_02222112,7.84499840662827
745,-206.88,75.23,-57.15,0.5,114.383,-208.35,75.18,-57.15,0.5,115.854,apical1_02222112,1.4708500943332
746,-208.35,75.18,-57.15,0.5,115.854,-212.34,77.04,-65.19,0.5,125.02,apical1_02222112,9.16631332652338
747,-212.34,77.04,-65.19,0.5,125.02,-217.68,75.36,-73.65,0.5,135.164,apical1_02222112,10.1444368991088
748,-217.68,75.36,-73.65,0.5,135.164,-222.61,76.18,-78.03,0.5,141.81,apical1_02222112,6.64542699907237
749,-222.61,76.18,-78.03,0.5,141.81,-226.62,78.55,-80.85,0.5,147.255,apical1_02222112,5.44512626116235
750,-226.62,78.55,-80.85,0.5,147.255,-230.2,82.92,-84.45,0.5,153.954,apical1_02222112,6.69875361541235
751,-230.2,82.92,-84.45,0.5,153.954,-234.16,83.79,-84.45,0.5,158.008,apical1_02222112,4.05444200846431
752,-234.16,83.79,-84.45,0.5,158.008,-239.13,85.61,-84.45,0.5,163.301,apical1_02222112,5.29275920480046
753,-239.13,85.61,-84.45,0.5,163.301,-245.09,87.91,-88.11,0.5,170.663,apical1_02222112,7.36255390472627
754,-245.09,87.91,-88.11,0.5,170.663,-250.03,88.74,-88.11,0.5,175.673,apical1_02222112,5.00924145954255
755,-119.09,47.46,0.87,1,0,-112.97,50.87,-5.02,1,9.15284,apical1_0222212,9.15284655175645
756,-112.97,50.87,-5.02,1,9.15284,-109.01,51.25,14.37,1,28.9467,apical1_0222212,19.7938904715571
757,-109.01,51.25,14.37,1,28.9467,-103.72,54.43,13.32,1,35.2076,apical1_0222212,6.26091047691948
758,-103.72,54.43,13.32,1,35.2076,-97.32,53.65,13.29,1,41.6551,apical1_0222212,6.44742584292368
759,-97.32,53.65,13.29,1,41.6551,-96.37,54.69,11.85,1,43.6694,apical1_0222212,2.01437335169029
760,-96.37,54.69,11.85,1,43.6694,-92.09,58.34,11.91,1,49.2948,apical1_0222212,5.62534443389914
761,-92.09,58.34,11.91,1,49.2948,-82.25,57.68,11.91,1,59.1569,apical1_0222212,9.86210930785094
762,-82.25,57.68,11.91,1,59.1569,-71.84,54.54,13.2,1,70.1064,apical1_0222212,10.9495114046244
763,-117.1,33.71,7.41,2,0,-121.1,36.09,6.45,2,4.75247,apical1_022222,4.75247304042853
764,-121.1,36.09,6.45,2,0,-124.47,36.81,4.29,2,4.06705,apical1_0222221,4.06705052833131
765,-124.47,36.81,4.29,2,0,-148.09,45.92,11.07,2,26.2081,apical1_02222211,26.2081075241995
766,-148.09,45.92,11.07,2,0,-177.44,51.65,15.81,2,30.2774,apical1_022222111,30.2774338410639
767,-177.44,51.65,15.81,2,30.2774,-188.74,55.07,20.31,3,42.9122,apical1_022222111,12.6347299140108
768,-188.74,55.07,20.31,3,0,-194.35,59.33,16.05,2,8.23209,apical1_0222221111,8.2320896496576
769,-194.35,59.33,16.05,2,8.23209,-197.36,60.48,16.05,2,11.4543,apical1_0222221111,3.22220421450909
770,-197.36,60.48,16.05,2,0,-203.04,63.22,19.89,2,7.38346,apical1_02222211111,7.38346801983998
771,-203.04,63.22,19.89,2,7.38346,-212.11,67.71,21.39,2,17.6145,apical1_02222211111,10.2310800993835
772,-212.11,67.71,21.39,2,17.6145,-223.96,73.29,20.67,2,30.7324,apical1_02222211111,13.117823752437
773,-223.96,73.29,20.67,2,30.7324,-232.44,78.16,24.27,2,41.1529,apical1_02222211111,10.4205230195034
774,-232.44,78.16,24.27,2,41.1529,-242.64,84.42,22.23,2,53.2933,apical1_02222211111,12.1403953807114
775,-242.64,84.42,22.23,2,0,-261.09,91.92,22.59,2,19.9194,apical1_022222111111,19.9193900509027
776,-261.09,91.92,22.59,2,0,-277.94,97.54,20.67,2,17.866,apical1_0222221111111,17.8659816410966
777,-277.94,97.54,20.67,2,17.866,-288.07,101.74,21.87,2,28.8976,apical1_0222221111111,11.0316317922599
778,-288.07,101.74,21.87,2,28.8976,-300.6,106.45,24.45,2,42.53,apical1_0222221111111,13.6323658988453
779,-300.6,106.45,24.45,2,42.53,-313.78,112.83,24.03,2,57.179,apical1_0222221111111,14.6489999658679
780,-313.78,112.83,24.03,2,57.179,-323.7,118.01,27.39,2,68.8635,apical1_0222221111111,11.6845367901342
781,-323.7,118.01,27.39,2,0,-330.06,123.45,27.99,2,8.39065,apical1_02222211111111,8.39066147571216
782,-330.06,123.45,27.99,2,8.39065,-334.26,132.01,31.59,2,18.5825,apical1_02222211111111,10.1918398731534
783,-334.26,132.01,31.59,2,18.5825,-337.25,143.89,33.81,2,31.0325,apical1_02222211111111,12.4500160642467
784,-337.25,143.89,33.81,2,31.0325,-341.54,151.96,41.85,2,43.205,apical1_02222211111111,12.1725346579913
785,-341.54,151.96,41.85,2,43.205,-347.44,161.9,43.41,2,54.869,apical1_02222211111111,11.6639272974414
786,-347.44,161.9,43.41,2,0,-361.21,179.65,41.79,2,22.5233,apical1_022222111111111,22.5233168072555
787,-361.21,179.65,41.79,2,0,-371.69,198.75,40.11,2,21.8509,apical1_0222221111111111,21.8509221773361
788,-371.69,198.75,40.11,2,21.8509,-374.32,202.89,44.19,2,28.2308,apical1_0222221111111111,6.37988244405803
789,-374.32,202.89,44.19,2,28.2308,-385.24,205.72,46.35,2,39.7165,apical1_0222221111111111,11.4856823915691
790,-385.24,205.72,46.35,2,39.7165,-391.88,212.24,44.73,2,49.1624,apical1_0222221111111111,9.44586682099636
791,-391.88,212.24,44.73,2,49.1624,-393.07,216.07,52.17,2,57.6145,apical1_0222221111111111,8.45213582474867
792,-393.07,216.07,52.17,2,0,-399.11,222.98,56.97,1.5,10.3571,apical1_02222211111111111,10.3571086698943
793,-399.11,222.98,56.97,1.5,10.3571,-405.3,226.85,57.69,1,17.6927,apical1_02222211111111111,7.33562539937803
794,-405.3,226.85,57.69,1,17.6927,-409.14,227.67,57.75,1,21.6198,apical1_02222211111111111,3.92703450455936
795,-409.14,227.67,57.75,1,21.6198,-410.37,228.95,57.75,1,23.395,apical1_02222211111111111,1.77519013066208
796,-410.37,228.95,57.75,1,0,-415.55,230.56,49.83,1,9.59952,apical1_022222111111111111,9.59952602996628
797,-415.55,230.56,49.83,1,9.59952,-420.4,233.64,45.03,1,17.0861,apical1_022222111111111111,7.48658132928505
798,-420.4,233.64,45.03,1,17.0861,-427.22,234.58,38.19,1,26.7908,apical1_022222111111111111,9.70472050086971
799,-427.22,234.58,38.19,1,26.7908,-434.51,235.61,32.19,1,36.2885,apical1_022222111111111111,9.49763128364117
800,-434.51,235.61,32.19,1,0,-446.46,240.71,23.43,0.5,15.67,apical1_0222221111111111111,15.6700382896788
801,-446.46,240.71,23.43,0.5,15.67,-455.09,242.54,19.83,0.5,25.1982,apical1_0222221111111111111,9.52815826904654
802,-455.09,242.54,19.83,0.5,25.1982,-459.09,244.93,14.01,0.5,32.6537,apical1_0222221111111111111,7.4555013245254
803,-459.09,244.93,14.01,0.5,32.6537,-464.12,249.58,5.91,0.5,43.2619,apical1_0222221111111111111,10.6081760920528
804,-464.12,249.58,5.91,0.5,43.2619,-467.44,252.84,-3.27,0.5,53.5537,apical1_0222221111111111111,10.2918608618655
805,-467.44,252.84,-3.27,0.5,53.5537,-475.42,253,-3.69,0.5,61.5464,apical1_0222221111111111111,7.99264662048813
806,-475.42,253,-3.69,0.5,61.5464,-479.5,250.29,-13.29,0.5,72.3237,apical1_0222221111111111111,10.7773141366483
807,-434.51,235.61,32.19,1,0,-438.27,241.53,33.15,0.5,7.07852,apical1_0222221111111111112,7.07853092103155
808,-438.27,241.53,33.15,0.5,7.07852,-443.94,247.84,27.27,0.5,17.4003,apical1_0222221111111111112,10.3217924799911
809,-443.94,247.84,27.27,0.5,17.4003,-445.72,251.29,18.81,0.5,26.7085,apical1_0222221111111111112,9.30819531380815
810,-445.72,251.29,18.81,0.5,26.7085,-448.72,256.01,10.23,0.5,36.9503,apical1_0222221111111111112,10.2418162451784
811,-448.72,256.01,10.23,0.5,36.9503,-451.35,260.15,4.05,0.5,44.8401,apical1_0222221111111111112,7.88979720905423
812,-451.35,260.15,4.05,0.5,44.8401,-455.79,265.19,-0.45,0.5,52.925,apical1_0222221111111111112,8.08487476711917
813,-455.79,265.19,-0.45,0.5,52.925,-458.32,269.81,-5.31,0.5,60.0919,apical1_0222221111111111112,7.16693100287703
814,-458.32,269.81,-5.31,0.5,60.0919,-462.07,275.72,-11.79,0.5,69.6303,apical1_0222221111111111112,9.5383960915869
815,-410.37,228.95,57.75,1,0,-412.96,235.64,61.59,1,8.13694,apical1_022222111111111112,8.13694045695308
816,-412.96,235.64,61.59,1,8.13694,-414.43,240.55,57.63,0.5,14.6139,apical1_022222111111111112,6.4769282843027
817,-414.43,240.55,57.63,0.5,14.6139,-415.45,242.81,51.93,0.5,20.8298,apical1_022222111111111112,6.21594723272326
818,-415.45,242.81,51.93,0.5,20.8298,-416.12,249.08,46.05,0.5,29.4517,apical1_022222111111111112,8.62184435025362
819,-416.12,249.08,46.05,0.5,29.4517,-418.06,254.1,43.17,0.5,35.5556,apical1_022222111111111112,6.10396592388914
820,-418.06,254.1,43.17,0.5,35.5556,-420.33,262.25,40.35,0.5,44.4735,apical1_022222111111111112,8.91783606039044
821,-420.33,262.25,40.35,0.5,44.4735,-422.17,267.75,37.71,0.5,50.8457,apical1_022222111111111112,6.37222096289827
822,-422.17,267.75,37.71,0.5,50.8457,-426.57,275.33,34.35,0.5,60.2322,apical1_022222111111111112,9.38647963828823
823,-426.57,275.33,34.35,0.5,60.2322,-428.52,280.35,30.03,0.5,67.1362,apical1_022222111111111112,6.90400608342724
824,-428.52,280.35,30.03,0.5,67.1362,-432.81,288.42,25.77,0.5,77.2197,apical1_022222111111111112,10.0834815416105
825,-432.81,288.42,25.77,0.5,77.2197,-435.88,295.2,21.75,0.5,85.6786,apical1_022222111111111112,8.45894201422374
826,-435.88,295.2,21.75,0.5,85.6786,-437.88,302.27,21.57,0.5,93.0282,apical1_022222111111111112,7.34964624999053
827,-437.88,302.27,21.57,0.5,93.0282,-440.06,310.91,20.19,0.5,102.045,apical1_022222111111111112,9.01700615503842
828,-440.06,310.91,20.19,0.5,102.045,-446.13,322.43,15.57,0.5,115.862,apical1_022222111111111112,13.8166457579255
829,-446.13,322.43,15.57,0.5,0,-450.53,330.01,8.61,0.5,11.1919,apical1_0222221111111111121,11.1918720507339
830,-446.13,322.43,15.57,0.5,0,-442.06,329.74,14.19,0.5,8.47971,apical1_0222221111111111122,8.47970518355444
831,-442.06,329.74,14.19,0.5,8.47971,-445.04,337.02,6.51,0.5,19.4734,apical1_0222221111111111122,10.9936890987511
832,-393.07,216.07,52.17,2,0,-390.26,217.52,50.37,1,3.63849,apical1_02222211111111112,3.63848869724781
833,-390.26,217.52,50.37,1,3.63849,-390.93,223.79,51.87,1,10.1201,apical1_02222211111111112,6.48165102423756
834,-390.93,223.79,51.87,1,10.1201,-391.12,229.97,53.85,1,16.6123,apical1_02222211111111112,6.49221841899979
835,-391.12,229.97,53.85,1,16.6123,-396.27,238.73,52.77,0.5,26.8313,apical1_02222211111111112,10.2189285152603
836,-396.27,238.73,52.77,0.5,26.8313,-396.56,244.42,55.05,0.5,32.9679,apical1_02222211111111112,6.13666032952778
837,-396.56,244.42,55.05,0.5,32.9679,-396.96,249.61,48.93,0.5,41.0023,apical1_02222211111111112,8.03433257962354
838,-396.96,249.61,48.93,0.5,41.0023,-398.11,255.99,44.73,0.5,48.7267,apical1_02222211111111112,7.7244352544377
839,-398.11,255.99,44.73,0.5,48.7267,-400.17,265.12,40.17,0.5,59.138,apical1_02222211111111112,10.4112487243366
840,-400.17,265.12,40.17,0.5,59.138,-402.18,272.19,37.89,0.5,66.8336,apical1_02222211111111112,7.69567410952412
841,-402.18,272.19,37.89,0.5,66.8336,-403.82,278.68,34.05,0.5,74.5508,apical1_02222211111111112,7.71720804436424
842,-403.82,278.68,34.05,0.5,74.5508,-403.42,285.24,32.55,0.5,81.292,apical1_02222211111111112,6.74118683912559
843,-403.42,285.24,32.55,0.5,81.292,-404.41,290.05,36.45,0.5,87.5631,apical1_02222211111111112,6.27106051637202
844,-361.21,179.65,41.79,2,0,-365.9,181.16,32.01,2,10.951,apical1_0222221111111112,10.9510090859245
845,-365.9,181.16,32.01,2,10.951,-371.98,180.92,27.03,2,18.8139,apical1_0222221111111112,7.86284935630847
846,-371.98,180.92,27.03,2,18.8139,-376.98,180.96,19.23,2,28.079,apical1_0222221111111112,9.26507420369638
847,-376.98,180.96,19.23,2,28.079,-378.89,181.37,15.33,1.5,32.4409,apical1_0222221111111112,4.36190325431455
848,-378.89,181.37,15.33,1.5,32.4409,-387.56,180.65,9.93,1,42.6803,apical1_0222221111111112,10.2394970579614
849,-387.56,180.65,9.93,1,42.6803,-393.9,181.49,3.99,1,51.4087,apical1_0222221111111112,8.72839045872718
850,-393.9,181.49,3.99,1,51.4087,-398.97,183.59,-3.15,1,60.414,apical1_0222221111111112,9.00524846964261
851,-398.97,183.59,-3.15,1,60.414,-404.68,187.36,-8.13,1,68.8767,apical1_0222221111111112,8.46270642288859
852,-404.68,187.36,-8.13,1,68.8767,-409.37,188.87,-14.25,1,76.7336,apical1_0222221111111112,7.85688233334317
853,-409.37,188.87,-14.25,1,76.7336,-416.35,191.37,-14.13,1,84.1487,apical1_0222221111111112,7.41517363249171
854,-347.44,161.9,43.41,2,0,-354.16,163.33,42.69,1,6.90809,apical1_022222111111112,6.90808946091467
855,-323.7,118.01,27.39,2,0,-331.68,118.17,23.25,1,8.9914,apical1_02222211111112,8.99141813063992
856,-331.68,118.17,23.25,1,8.9914,-335.59,121.04,18.03,1,16.1169,apical1_02222211111112,7.12554559314582
857,-335.59,121.04,18.03,1,16.1169,-340.36,129.22,4.11,1,32.9524,apical1_02222211111112,16.8354299024409
858,-340.36,129.22,4.11,1,32.9524,-345.47,128.77,0.99,1,38.9565,apical1_02222211111112,6.00408194481056
859,-345.47,128.77,0.99,1,38.9565,-351.05,128.42,-4.11,1,46.5241,apical1_02222211111112,7.56762181930359
860,-351.05,128.42,-4.11,1,46.5241,-358.67,127.99,-8.37,1,55.2646,apical1_02222211111112,8.74053202042073
861,-261.09,91.92,22.59,2,0,-261.48,97.11,15.39,1,8.88416,apical1_0222221111112,8.88415443359693
862,-261.48,97.11,15.39,1,8.88416,-265.48,106.65,10.59,1,20.2882,apical1_0222221111112,11.4040168361854
863,-265.48,106.65,10.59,1,20.2882,-268.23,114.91,5.01,1,30.6287,apical1_0222221111112,10.3405270658705
864,-268.23,114.91,5.01,1,30.6287,-277.41,130.66,0.57,0.5,49.3917,apical1_0222221111112,18.7629555241172
865,-277.41,130.66,0.57,0.5,49.3917,-278.35,138.01,-1.89,0.5,57.1992,apical1_0222221111112,7.80754122627604
866,-278.35,138.01,-1.89,0.5,57.1992,-282.22,143.44,-5.19,0.5,64.6391,apical1_0222221111112,7.43987903127464
867,-282.22,143.44,-5.19,0.5,64.6391,-286.72,150.53,-8.85,0.5,73.7995,apical1_0222221111112,9.16044212906779
868,-286.72,150.53,-8.85,0.5,73.7995,-293.12,153.42,-3.87,0.5,82.4084,apical1_0222221111112,8.60886171337417
869,-293.12,153.42,-3.87,0.5,82.4084,-300.07,158.48,-5.01,0.5,91.0805,apical1_0222221111112,8.67212200098683
870,-300.07,158.48,-5.01,0.5,91.0805,-304.2,164.98,0.51,0.5,100.556,apical1_0222221111112,9.47508839008903
871,-304.2,164.98,0.51,0.5,0,-312.62,167.79,-6.99,0.5,11.6208,apical1_02222211111121,11.6207788035054
872,-312.62,167.79,-6.99,0.5,11.6208,-319.33,169.22,-10.23,0.5,19.208,apical1_02222211111121,7.58726564712214
873,-319.33,169.22,-10.23,0.5,19.208,-328.92,171.26,-10.23,0.5,29.0126,apical1_02222211111121,9.80457546250732
874,-304.2,164.98,0.51,0.5,0,-307.54,172.84,0.93,0.5,8.55053,apical1_02222211111122,8.55053214718244
875,-307.54,172.84,0.93,0.5,8.55053,-312.18,176.9,-2.55,0.5,15.6303,apical1_02222211111122,7.07980225712554
876,-312.18,176.9,-2.55,0.5,15.6303,-317.69,181.65,-2.85,0.5,22.9113,apical1_02222211111122,7.28097520940704
877,-317.69,181.65,-2.85,0.5,22.9113,-318.81,183.42,-6.57,0.5,27.1805,apical1_02222211111122,4.26915682541646
878,-242.64,84.42,22.23,2,0,-235.8,90.63,25.23,1.5,9.71337,apical1_022222111112,9.71337737349886
879,-235.8,90.63,25.23,1.5,9.71337,-235.03,96.6,35.19,1.5,21.351,apical1_022222111112,11.6376715884235
880,-235.03,96.6,35.19,1.5,21.351,-230.93,106.47,31.35,1,32.7077,apical1_022222111112,11.356606007078
881,-230.93,106.47,31.35,1,32.7077,-229.31,111.74,29.25,0.5,38.6074,apical1_022222111112,5.89977118200358
882,-229.31,111.74,29.25,0.5,38.6074,-229.08,119.88,34.89,0.5,48.5131,apical1_022222111112,9.90565999820305
883,-229.08,119.88,34.89,0.5,48.5131,-231.7,131.17,39.27,0.5,60.9031,apical1_022222111112,12.390032284058
884,-231.7,131.17,39.27,0.5,60.9031,-235.98,134.63,40.89,0.5,66.6402,apical1_022222111112,5.73710728503486
885,-235.98,134.63,40.89,0.5,66.6402,-240.75,142.8,43.83,0.5,76.5471,apical1_022222111112,9.90683602367579
886,-240.75,142.8,43.83,0.5,76.5471,-245.78,147.45,47.61,0.5,84.3709,apical1_022222111112,7.82379703213215
887,-245.78,147.45,47.61,0.5,84.3709,-248.4,151.59,44.97,0.5,89.9362,apical1_022222111112,5.56539306787941
888,-248.4,151.59,44.97,0.5,89.9362,-248.59,157.76,41.37,0.5,97.0822,apical1_022222111112,7.1459778896943
889,-248.59,157.76,41.37,0.5,97.0822,-249.87,157.79,67.11,0.5,122.854,apical1_022222111112,25.77182376162
890,-249.87,157.79,67.11,0.5,122.854,-251.34,161.29,72.27,0.5,129.26,apical1_022222111112,6.40597377453264
891,-251.34,161.29,72.27,0.5,129.26,-257.22,167.29,74.37,0.5,137.919,apical1_022222111112,8.65935332458494
892,-257.22,167.29,74.37,0.5,137.919,-262.13,170.29,81.63,0.5,147.183,apical1_022222111112,9.26367637603989
893,-262.13,170.29,81.63,0.5,147.183,-269.48,170.79,84.69,0.5,155.16,apical1_022222111112,7.97722382787398
894,-269.48,170.79,84.69,0.5,155.16,-275.85,169.79,86.07,0.5,161.754,apical1_022222111112,6.59403518340629
895,-275.85,169.79,86.07,0.5,161.754,-281.89,167.98,87.33,0.5,168.184,apical1_022222111112,6.4300311041238
896,-281.89,167.98,87.33,0.5,168.184,-288.11,166.79,84.15,0.5,175.271,apical1_022222111112,7.08638836079426
897,-288.11,166.79,84.15,0.5,175.271,-293.99,165.79,80.19,0.5,182.43,apical1_022222111112,7.15932957755124
898,-293.99,165.79,80.19,0.5,182.43,-300.36,162.29,78.69,0.5,189.851,apical1_022222111112,7.42138127305154
899,-300.36,162.29,78.69,0.5,189.851,-304.77,162.29,75.81,0.5,195.119,apical1_022222111112,5.2671149598238
900,-304.77,162.29,75.81,0.5,195.119,-314.09,166.29,75.75,0.5,205.261,apical1_022222111112,10.1422877103738
901,-197.36,60.48,16.05,2,0,-201.71,58.85,2.91,2,13.937,apical1_02222211112,13.9369652363777
902,-201.71,58.85,2.91,2,0,-209.56,62.05,-4.65,1.5,11.3585,apical1_022222111121,11.358525432467
903,-209.56,62.05,-4.65,1.5,11.3585,-220.52,62.34,-6.03,1.5,22.4089,apical1_022222111121,11.0503438860517
904,-220.52,62.34,-6.03,1.5,22.4089,-229.88,60.75,-3.33,1.5,32.2794,apical1_022222111121,9.8705470972991
905,-229.88,60.75,-3.33,1.5,32.2794,-241.8,61.24,-1.77,1,44.311,apical1_022222111121,12.03162914987
906,-241.8,61.24,-1.77,1,44.311,-250.3,58.96,-7.41,1,54.7637,apical1_022222111121,10.4526551650765
907,-250.3,58.96,-7.41,1,54.7637,-264.09,57.8,-5.67,1,68.7114,apical1_022222111121,13.9476628866631
908,-264.09,57.8,-5.67,1,68.7114,-286.27,54.84,-5.49,1,91.0887,apical1_022222111121,22.3773635623145
909,-286.27,54.84,-5.49,1,91.0887,-290.14,53.11,-6.69,1,95.4944,apical1_022222111121,4.40565545634246
910,-290.14,53.11,-6.69,1,95.4944,-287.16,52.99,-2.07,1,100.993,apical1_022222111121,5.49901809416916
911,-287.16,52.99,-2.07,1,100.993,-301.93,49.48,-6.81,0.5,116.898,apical1_022222111121,15.9041063879741
912,-301.93,49.48,-6.81,0.5,116.898,-311.78,48,-4.23,0.5,127.187,apical1_022222111121,10.2892808300677
913,-311.78,48,-4.23,0.5,127.187,-319.49,47.08,1.23,0.5,136.679,apical1_022222111121,9.49221259770348
914,-319.49,47.08,1.23,0.5,136.679,-325.34,47.81,-2.91,0.5,143.883,apical1_022222111121,7.20381843191509
915,-325.34,47.81,-2.91,0.5,143.883,-329.99,51.87,0.69,0.5,151.029,apical1_022222111121,7.14605485565289
916,-329.99,51.87,0.69,0.5,151.029,-335.71,55.64,4.59,0.5,158.912,apical1_022222111121,7.88297532661366
917,-201.71,58.85,2.91,2,0,-205.9,55.65,-6.51,0.5,10.795,apical1_022222111122,10.7950220009039
918,-205.9,55.65,-6.51,0.5,10.795,-223.93,53.35,-6.03,0.5,28.9775,apical1_022222111122,18.1824448301102
919,-223.93,53.35,-6.03,0.5,28.9775,-236.86,51.5,-5.91,0.5,42.0397,apical1_022222111122,13.0622279875984
920,-236.86,51.5,-5.91,0.5,42.0397,-246.59,50.5,-14.19,0.5,54.855,apical1_022222111122,12.8152760407258
921,-188.74,55.07,20.31,3,0,-194.13,52.13,20.31,3,6.13968,apical1_0222221112,6.1396824022094
922,-194.13,52.13,20.31,3,0,-198,50.39,20.31,3,4.24317,apical1_02222211121,4.24317098406369
923,-198,50.39,20.31,3,0,-197.87,49.86,18.51,2,1.8809,apical1_022222111211,1.88090403795621
924,-197.87,49.86,18.51,2,1.8809,-209.79,50.34,19.83,2,13.8834,apical1_022222111211,12.0024664132002
925,-209.79,50.34,19.83,2,13.8834,-218.77,48.16,20.97,2,23.1943,apical1_022222111211,9.3108753616403
926,-218.77,48.16,20.97,2,0,-229.84,47.96,18.99,2,11.2474,apical1_0222221112111,11.2474574904731
927,-229.84,47.96,18.99,2,11.2474,-239.51,44.9,23.13,2,22.2025,apical1_0222221112111,10.9550034230939
928,-239.51,44.9,23.13,2,22.2025,-253.67,44.34,21.39,2,36.4799,apical1_0222221112111,14.277492777095
929,-253.67,44.34,21.39,2,36.4799,-262.34,43.62,17.13,2,46.1668,apical1_0222221112111,9.68684159052887
930,-262.34,43.62,17.13,2,46.1668,-272.17,42.13,17.13,2,56.1091,apical1_0222221112111,9.94228343993475
931,-272.17,42.13,17.13,2,56.1091,-282.18,42.22,17.91,2,66.1498,apical1_0222221112111,10.0407469841641
932,-282.18,42.22,17.91,2,66.1498,-290.58,40.42,17.61,2,74.7457,apical1_0222221112111,8.59592926913662
933,-290.58,40.42,17.61,2,74.7457,-297.7,39.89,15.75,2,82.1238,apical1_0222221112111,7.37800108430461
934,-297.7,39.89,15.75,2,82.1238,-310.53,38.53,16.11,2,95.0307,apical1_0222221112111,12.9069012547551
935,-310.53,38.53,16.11,2,95.0307,-316.32,37.21,15.63,2,100.989,apical1_0222221112111,5.95792749200594
936,-316.32,37.21,15.63,2,100.989,-323.76,35.21,22.71,2,111.452,apical1_0222221112111,10.4632690876227
937,-323.76,35.21,22.71,2,0,-331.16,35.76,19.35,1.5,8.14567,apical1_02222211121111,8.14567983657598
938,-331.16,35.76,19.35,1.5,8.14567,-341.33,37.41,22.29,1.5,18.8599,apical1_02222211121111,10.7142428570571
939,-341.33,37.41,22.29,1.5,18.8599,-346.6,38.53,23.43,1.5,24.3669,apical1_02222211121111,5.50698647174663
940,-346.6,38.53,23.43,1.5,24.3669,-353.51,34.38,24.03,1.5,32.4496,apical1_02222211121111,8.08273468573598
941,-353.51,34.38,24.03,1.5,32.4496,-356.01,34.4,21.21,1.5,36.2183,apical1_02222211121111,3.76866023939543
942,-356.01,34.4,21.21,1.5,36.2183,-363.51,34.46,19.83,1.5,43.8444,apical1_02222211121111,7.62613925915335
943,-363.51,34.46,19.83,1.5,43.8444,-370.16,33.83,17.07,1.5,51.072,apical1_02222211121111,7.22751686265763
944,-370.16,33.83,17.07,1.5,51.072,-373.89,35.13,19.77,1.5,55.8566,apical1_02222211121111,4.7846525474688
945,-373.89,35.13,19.77,1.5,55.8566,-380.88,37.64,20.01,1.5,63.2875,apical1_02222211121111,7.43086805158052
946,-380.88,37.64,20.01,1.5,63.2875,-390.07,34.48,14.91,1.5,74.2625,apical1_02222211121111,10.9750489748338
947,-390.07,34.48,14.91,1.5,74.2625,-395.13,36.58,16.11,1.5,79.8709,apical1_02222211121111,5.60835091626764
948,-395.13,36.58,16.11,1.5,79.8709,-401.57,36.93,18.93,1.5,86.9099,apical1_02222211121111,7.03906954078449
949,-401.57,36.93,18.93,1.5,86.9099,-405.37,40.29,11.55,1.5,95.8651,apical1_02222211121111,8.95511027291122
950,-405.37,40.29,11.55,1.5,95.8651,-413.08,39.37,10.17,1.5,103.751,apical1_02222211121111,7.88637432537917
951,-413.08,39.37,10.17,1.5,0,-419.08,37.07,18.75,1,10.7194,apical1_022222111211111,10.7194402838954
952,-419.08,37.07,18.75,1,10.7194,-421.83,33.56,18.75,1,15.1784,apical1_022222111211111,4.45899091723677
953,-421.83,33.56,18.75,1,15.1784,-423.85,33.48,27.57,1,24.2271,apical1_022222111211111,9.04871261561556
954,-423.85,33.48,27.57,1,24.2271,-426.62,34.58,32.43,1,29.9282,apical1_022222111211111,5.70109638578404
955,-426.62,34.58,32.43,1,29.9282,-431.3,31.49,32.19,1,35.5414,apical1_022222111211111,5.61320763913113
956,-431.3,31.49,32.19,1,35.5414,-434.74,27.11,35.85,1,42.2058,apical1_022222111211111,6.66435293183067
957,-434.74,27.11,35.85,1,42.2058,-439.59,30.18,44.07,1,52.2316,apical1_022222111211111,10.0257568292872
958,-439.59,30.18,44.07,1,52.2316,-441.33,36.17,50.07,1,60.8865,apical1_022222111211111,8.65492345431201
959,-441.33,36.17,50.07,1,60.8865,-444.12,41.88,54.69,1,68.7435,apical1_022222111211111,7.85700960925975
960,-444.12,41.88,54.69,1,68.7435,-447.12,46.61,56.31,1,74.5742,apical1_022222111211111,5.83072036715876
961,-447.12,46.61,56.31,1,74.5742,-449.75,50.74,56.97,1,79.5148,apical1_022222111211111,4.94058700965786
962,-449.75,50.74,56.97,1,79.5148,-452.87,54.98,57.09,1,84.7804,apical1_022222111211111,5.26558638709878
963,-452.87,54.98,57.09,1,84.7804,-455.39,59.61,60.99,1,91.3376,apical1_022222111211111,6.55723264800022
964,-413.08,39.37,10.17,1.5,0,-418.04,41.96,10.89,1,5.64166,apical1_022222111211112,5.641639832531
965,-418.04,41.96,10.89,1,0,-421.33,40.61,8.73,1,4.16078,apical1_0222221112111121,4.16079319361102
966,-421.33,40.61,8.73,1,4.16078,-428.26,41.07,7.11,1,11.2925,apical1_0222221112111121,7.13168283086118
967,-428.26,41.07,7.11,1,11.2925,-434.85,38.37,9.39,1,18.7702,apical1_0222221112111121,7.47773361386994
968,-434.85,38.37,9.39,1,18.7702,-440.01,39.98,9.27,1,24.1769,apical1_0222221112111121,5.40667180435429
969,-440.01,39.98,9.27,1,24.1769,-445.66,41.7,12.33,1,30.8285,apical1_0222221112111121,6.65165392966294
970,-445.66,41.7,12.33,1,30.8285,-452.4,47.73,10.65,0.5,40.0269,apical1_0222221112111121,9.19841834230208
971,-452.4,47.73,10.65,0.5,40.0269,-458.97,52.19,17.49,0.5,50.5075,apical1_0222221112111121,10.4805581912416
972,-458.97,52.19,17.49,0.5,0,-459.78,55.43,21.45,0.5,5.18028,apical1_02222211121111211,5.18027991521693
973,-459.78,55.43,21.45,0.5,5.18028,-459.77,62.58,24.27,0.5,12.8663,apical1_02222211121111211,7.68602628150594
974,-459.77,62.58,24.27,0.5,12.8663,-462.6,65.74,27.21,0.5,18.0275,apical1_02222211121111211,5.16121109818231
975,-462.6,65.74,27.21,0.5,18.0275,-461.96,75.83,34.17,0.5,30.3019,apical1_02222211121111211,12.2743350125373
976,-461.96,75.83,34.17,0.5,30.3019,-464.17,81.92,39.57,0.5,38.7359,apical1_02222211121111211,8.43399075171417
977,-464.17,81.92,39.57,0.5,38.7359,-467.2,91.26,44.61,0.5,49.773,apical1_02222211121111211,11.0371237195204
978,-467.2,91.26,44.61,0.5,49.773,-467.77,98.02,48.09,0.5,57.3975,apical1_02222211121111211,7.62449342579557
979,-467.77,98.02,48.09,0.5,57.3975,-468.4,106.85,47.07,0.5,66.3085,apical1_02222211121111211,8.91101565479491
980,-468.4,106.85,47.07,0.5,66.3085,-469.76,112.25,49.29,0.5,72.3033,apical1_02222211121111211,5.99483110687867
981,-469.76,112.25,49.29,0.5,72.3033,-471.01,118.14,49.11,0.5,78.3272,apical1_02222211121111211,6.02386918848675
982,-471.01,118.14,49.11,0.5,78.3272,-472.81,126.19,49.11,0.5,86.576,apical1_02222211121111211,8.24878778973008
983,-472.81,126.19,49.11,0.5,86.576,-473.71,136.09,49.11,0.5,96.5168,apical1_02222211121111211,9.94082491546854
984,-473.71,136.09,49.11,0.5,96.5168,-472.19,140.88,51.69,0.5,102.166,apical1_02222211121111211,5.64897335805364
985,-472.19,140.88,51.69,0.5,102.166,-471.61,153.02,54.15,0.5,114.566,apical1_02222211121111211,12.4003064478262
986,-471.61,153.02,54.15,0.5,114.566,-469.8,163.89,55.41,0.5,125.658,apical1_02222211121111211,11.0914651872509
987,-469.8,163.89,55.41,0.5,125.658,-470.77,175.85,54.87,0.5,137.669,apical1_02222211121111211,12.0114154036899
988,-470.77,175.85,54.87,0.5,137.669,-470.23,185.45,53.13,0.5,147.44,apical1_02222211121111211,9.77134586431162
989,-470.23,185.45,53.13,0.5,147.44,-468.32,196.8,56.01,0.5,159.305,apical1_02222211121111211,11.8644426754905
990,-468.32,196.8,56.01,0.5,159.305,-465.8,203.93,49.41,0.5,169.342,apical1_02222211121111211,10.0372954524613
991,-465.8,203.93,49.41,0.5,169.342,-465.12,216.56,46.83,0.5,182.251,apical1_02222211121111211,12.9087450978009
992,-465.12,216.56,46.83,0.5,182.251,-463.79,227.53,49.41,0.5,193.598,apical1_02222211121111211,11.3475195527481
993,-463.79,227.53,49.41,0.5,193.598,-464.43,236.35,43.11,0.5,204.456,apical1_02222211121111211,10.857808250287
994,-458.97,52.19,17.49,0.5,0,-466.68,51.28,22.05,0.5,9.00365,apical1_02222211121111212,9.00365481346324
995,-466.68,51.28,22.05,0.5,9.00365,-470.55,49.54,23.73,0.5,13.5673,apical1_02222211121111212,4.56364985510502
996,-470.55,49.54,23.73,0.5,13.5673,-474.09,44.67,24.21,0.5,19.6071,apical1_02222211121111212,6.03977648593056
997,-474.09,44.67,24.21,0.5,19.6071,-477.28,43.82,23.43,0.5,22.9993,apical1_02222211121111212,3.39219692824576
998,-477.28,43.82,23.43,0.5,22.9993,-483.77,41.62,20.91,0.5,30.3007,apical1_02222211121111212,7.30140397457915
999,-418.04,41.96,10.89,1,0,-421.4,42.67,3.51,0.5,8.1399,apical1_0222221112111122,8.13990786188638
1000,-421.4,42.67,3.51,0.5,8.1399,-427.64,44,-5.85,0.5,19.4676,apical1_0222221112111122,11.3276696632626
1001,-427.64,44,-5.85,0.5,19.4676,-433.18,46.2,-13.65,0.5,29.2845,apical1_0222221112111122,9.81690378887357
1002,-433.18,46.2,-13.65,0.5,29.2845,-437.02,47.01,-22.83,0.5,39.2682,apical1_0222221112111122,9.98369170197076
1003,-323.76,35.21,22.71,2,0,-330.06,26.84,14.61,1,13.2422,apical1_02222211121112,13.2422392366246
1004,-330.06,26.84,14.61,1,13.2422,-335.74,26,12.15,1,19.4888,apical1_02222211121112,6.2465670571923
1005,-335.74,26,12.15,1,19.4888,-340.51,22.41,2.97,1,30.4393,apical1_02222211121112,10.950497705584
1006,-340.51,22.41,2.97,1,30.4393,-345.55,19.91,0.87,0.5,36.4444,apical1_02222211121112,6.00513113928415
1007,-345.55,19.91,0.87,0.5,36.4444,-351.08,17.5,-3.45,0.5,43.8641,apical1_02222211121112,7.41966306512632
1008,-351.08,17.5,-3.45,0.5,43.8641,-355.09,12.73,-16.83,0.5,58.6241,apical1_02222211121112,14.7599932249307
1009,-218.77,48.16,20.97,2,0,-223.9,40.56,26.79,1.5,10.8604,apical1_0222221112112,10.8604465838196
1010,-223.9,40.56,26.79,1.5,10.8604,-227.65,34.72,29.61,1.5,18.3518,apical1_0222221112112,7.49136169197563
1011,-227.65,34.72,29.61,1.5,18.3518,-232.36,29.07,31.77,1.5,26.0181,apical1_0222221112112,7.66630288992028
1012,-232.36,29.07,31.77,1.5,26.0181,-241.98,28.56,47.79,1,44.7116,apical1_0222221112112,18.693445375318
1013,-241.98,28.56,47.79,1,44.7116,-248.69,29.99,46.95,1,51.6235,apical1_0222221112112,6.91191724487498
1014,-248.69,29.99,46.95,1,51.6235,-252.81,31.88,50.49,1,57.3748,apical1_0222221112112,5.75135636176372
1015,-252.81,31.88,50.49,1,0,-258.93,33.7,54.21,0.5,7.38953,apical1_02222211121121,7.38953313816239
1016,-258.93,33.7,54.21,0.5,7.38953,-264.62,32.86,51.33,0.5,13.822,apical1_02222211121121,6.43242566999417
1017,-264.62,32.86,51.33,0.5,13.822,-268.33,29.56,57.69,0.5,21.8906,apical1_02222211121121,8.0686863862713
1018,-268.33,29.56,57.69,0.5,21.8906,-273,26.46,61.71,0.5,28.7884,apical1_02222211121121,6.89777500357906
1019,-273,26.46,61.71,0.5,28.7884,-273.3,25.76,73.29,0.5,40.3934,apical1_02222211121121,11.6050161568177
1020,-273.3,25.76,73.29,0.5,40.3934,-276.73,20.76,73.29,0.5,46.4569,apical1_02222211121121,6.06340663323845
1021,-276.73,20.76,73.29,0.5,46.4569,-279.18,15.76,74.91,0.5,52.2557,apical1_02222211121121,5.79887057969049
1022,-279.18,15.76,74.91,0.5,52.2557,-280.66,11.26,74.67,0.5,56.9989,apical1_02222211121121,4.74320566705683
1023,-280.66,11.26,74.67,0.5,56.9989,-284.09,6.26,68.61,0.5,65.5715,apical1_02222211121121,8.57254337988439
1024,-284.09,6.26,68.61,0.5,65.5715,-286.05,1.76,74.91,0.5,73.5578,apical1_02222211121121,7.98633833493173
1025,-286.05,1.76,74.91,0.5,73.5578,-286.45,3.88,73.29,0.5,76.2557,apical1_02222211121121,2.69792512868685
1026,-286.45,3.88,73.29,0.5,76.2557,-292.82,1.88,77.01,0.5,83.8987,apical1_02222211121121,7.64299025251243
1027,-292.82,1.88,77.01,0.5,83.8987,-298.7,1.88,72.93,0.5,91.0556,apical1_02222211121121,7.15687082459925
1028,-298.7,1.88,72.93,0.5,91.0556,-304.09,-0.62,71.31,0.5,97.214,apical1_02222211121121,6.15844948018573
1029,-304.09,-0.62,71.31,0.5,97.214,-308.99,-2.12,71.31,0.5,102.338,apical1_02222211121121,5.12445119012762
1030,-252.81,31.88,50.49,1,0,-262.21,39.51,30.69,1,23.2081,apical1_02222211121122,23.2081214233294
1031,-262.21,39.51,30.69,1,23.2081,-272.79,46.35,39.57,1,38.6216,apical1_02222211121122,15.4135135514263
1032,-272.79,46.35,39.57,1,38.6216,-283.23,49.09,44.91,1,50.6639,apical1_02222211121122,12.0422921406184
1033,-283.23,49.09,44.91,1,50.6639,-290.58,52.18,51.75,1,61.169,apical1_02222211121122,10.5050559256008
1034,-290.58,52.18,51.75,1,61.169,-299.6,54.61,57.51,0.5,72.1436,apical1_02222211121122,10.9746480581384
1035,-299.6,54.61,57.51,0.5,72.1436,-306.62,54.57,57.51,0.5,79.1637,apical1_02222211121122,7.02011395918896
1036,-306.62,54.57,57.51,0.5,79.1637,-313.41,50.9,55.95,0.5,87.0382,apical1_02222211121122,7.87442696327804
1037,-313.41,50.9,55.95,0.5,87.0382,-316.22,49.45,59.43,0.5,91.7402,apical1_02222211121122,4.70202084214862
1038,-316.22,49.45,59.43,0.5,91.7402,-317.67,48.18,68.85,0.5,101.355,apical1_02222211121122,9.61518590563905
1039,-317.67,48.18,68.85,0.5,101.355,-327.96,47.18,72.87,0.5,112.448,apical1_02222211121122,11.0925425399229
1040,-327.96,47.18,72.87,0.5,112.448,-330.91,48.18,82.41,0.5,122.484,apical1_02222211121122,10.0356414842301
1041,-330.91,48.18,82.41,0.5,122.484,-338.75,51.18,90.99,0.5,134.487,apical1_02222211121122,12.0034161804046
1042,-338.75,51.18,90.99,0.5,134.487,-345.12,52.68,97.11,0.5,143.447,apical1_02222211121122,8.95998325891294
1043,-345.12,52.68,97.11,0.5,143.447,-353.45,54.68,96.63,0.5,152.027,apical1_02222211121122,8.58016899600467
1044,-353.45,54.68,96.63,0.5,152.027,-356.89,59.18,95.61,0.5,157.782,apical1_02222211121122,5.75534534150645
1045,-198,50.39,20.31,3,0,-209.81,58.53,33.09,1,19.211,apical1_022222111212,19.211041096203
1046,-209.81,58.53,33.09,1,19.211,-222.4,65.29,35.31,1,33.6725,apical1_022222111212,14.4614694965622
1047,-222.4,65.29,35.31,1,33.6725,-226.25,70.71,38.85,1,41.2045,apical1_022222111212,7.53196521500198
1048,-226.25,70.71,38.85,1,41.2045,-232.6,83.31,41.61,0.5,55.5815,apical1_022222111212,14.3770685468214
1049,-232.6,83.31,41.61,0.5,55.5815,-234.17,87.73,43.53,0.5,60.6498,apical1_022222111212,5.06830346368486
1050,-234.17,87.73,43.53,0.5,60.6498,-237.88,96.19,39.63,0.5,70.6771,apical1_022222111212,10.0272478776582
1051,-237.88,96.19,39.63,0.5,70.6771,-237.07,104.7,38.13,0.5,79.3562,apical1_022222111212,8.67906677010841
1052,-237.07,104.7,38.13,0.5,79.3562,-241.55,107.19,47.25,0.5,89.8177,apical1_022222111212,10.4615916571046
1053,-241.55,107.19,47.25,0.5,89.8177,-246.14,109.19,54.99,0.5,99.036,apical1_022222111212,9.21822651056047
1054,-246.14,109.19,54.99,0.5,99.036,-246.69,109.36,80.91,0.5,124.962,apical1_022222111212,25.9263919587744
1055,-246.69,109.36,80.91,0.5,124.962,-257.47,111.36,85.05,0.5,136.682,apical1_022222111212,11.7195563055945
1056,-257.47,111.36,85.05,0.5,136.682,-263.36,112.86,96.21,0.5,149.39,apical1_022222111212,12.7077810808968
1057,-263.36,112.86,96.21,0.5,149.39,-269.24,113.86,96.21,0.5,155.354,apical1_022222111212,5.9644278853885
1058,-269.24,113.86,96.21,0.5,155.354,-268.75,118.36,102.51,0.5,163.112,apical1_022222111212,7.75758338659664
1059,-268.75,118.36,102.51,0.5,163.112,-266.79,120.36,105.81,0.5,167.44,apical1_022222111212,4.32800184842843
1060,-266.79,120.36,105.81,0.5,167.44,-269.24,122.86,107.13,0.5,171.181,apical1_022222111212,3.7409758085291
1061,-194.13,52.13,20.31,3,0,-196.75,44.51,34.05,1,15.9285,apical1_02222211122,15.9284776422607
1062,-196.75,44.51,34.05,1,15.9285,-197.83,37.07,34.53,1,23.4618,apical1_02222211122,7.53328613554536
1063,-197.83,37.07,34.53,1,23.4618,-203.81,30.16,33.27,1,32.6865,apical1_02222211122,9.2247547392871
1064,-203.81,30.16,33.27,1,32.6865,-209.74,25.8,40.23,1,42.8165,apical1_02222211122,10.1299605132498
1065,-209.74,25.8,40.23,1,42.8165,-214.38,25.25,48.27,1,52.1156,apical1_02222211122,9.29912361462089
1066,-214.38,25.25,48.27,1,52.1156,-223.09,21.99,49.89,1,61.5557,apical1_02222211122,9.44013241432556
1067,-223.09,21.99,49.89,1,61.5557,-226.83,16.14,52.53,0.5,68.984,apical1_02222211122,7.42830397870201
1068,-226.83,16.14,52.53,0.5,68.984,-231.23,11.96,54.81,0.5,75.4671,apical1_02222211122,6.48311653450713
1069,-231.23,11.96,54.81,0.5,75.4671,-234.5,6.01,54.93,0.5,82.2576,apical1_02222211122,6.79041972193178
1070,-234.5,6.01,54.93,0.5,82.2576,-235.01,4.37,68.61,0.5,96.045,apical1_02222211122,13.7873891654657
1071,-235.01,4.37,68.61,0.5,96.045,-236.97,0.37,68.61,0.5,100.499,apical1_02222211122,4.45439109194512
1072,-236.97,0.37,68.61,0.5,100.499,-243.83,-2.13,68.49,0.5,107.802,apical1_02222211122,7.30232839579269
1073,-148.09,45.92,11.07,2,0,-150.61,50.55,3.63,1,9.11816,apical1_022222112,9.11816319222243
1074,-150.61,50.55,3.63,1,9.11816,-158.51,55.8,3.45,1,18.6053,apical1_022222112,9.48709122966569
1075,-158.51,55.8,3.45,1,18.6053,-166.45,58.51,-3.03,1,29.2061,apical1_022222112,10.6008537392042
1076,-166.45,58.51,-3.03,1,29.2061,-175.22,64.47,0.09,1,40.2591,apical1_022222112,11.0530041165287
1077,-175.22,64.47,0.09,1,40.2591,-179.14,71.94,-4.89,1,50.0554,apical1_022222112,9.79631052999035
1078,-179.14,71.94,-4.89,1,50.0554,-184.02,79.63,-12.81,1,62.1251,apical1_022222112,12.0696685952846
1079,-184.02,79.63,-12.81,1,62.1251,-188.82,80.65,-8.37,1,68.7428,apical1_022222112,6.61770352917082
1080,-124.47,36.81,4.29,2,0,-124.08,43.37,-0.63,0.5,8.20927,apical1_02222212,8.20926915139222
1081,-124.08,43.37,-0.63,0.5,8.20927,-128.29,47.72,-2.55,0.5,14.5601,apical1_02222212,6.3508267178376
1082,-128.29,47.72,-2.55,0.5,0,-132.17,54.8,-6.75,0.5,9.10059,apical1_022222121,9.10059338724679
1083,-132.17,54.8,-6.75,0.5,9.10059,-139.04,57.8,-10.77,0.5,17.6069,apical1_022222121,8.50630942301067
1084,-139.04,57.8,-10.77,0.5,17.6069,-145.56,60.2,-17.61,0.5,27.3566,apical1_022222121,9.74966666096847
1085,-145.56,60.2,-17.61,0.5,27.3566,-155.72,61.86,-17.85,0.5,37.6541,apical1_022222121,10.2975142631608
1086,-155.72,61.86,-17.85,0.5,37.6541,-162.43,63.28,-17.01,0.5,44.5639,apical1_022222121,6.90985528068426
1087,-162.43,63.28,-17.01,0.5,44.5639,-162.49,63,-12.39,0.5,49.1928,apical1_022222121,4.62886595182881
1088,-162.49,63,-12.39,0.5,49.1928,-167.96,65.31,-15.87,0.5,56.0752,apical1_022222121,6.88239783796316
1089,-167.96,65.31,-15.87,0.5,56.0752,-171.1,70.71,-19.05,0.5,63.0846,apical1_022222121,7.00942223011282
1090,-171.1,70.71,-19.05,0.5,63.0846,-172.16,73.17,-22.11,0.5,67.1514,apical1_022222121,4.06679234778468
1091,-172.16,73.17,-22.11,0.5,67.1514,-175.73,77.05,-23.97,0.5,72.7424,apical1_022222121,5.59096592727946
1092,-175.73,77.05,-23.97,0.5,72.7424,-180.82,82.37,-28.65,0.5,81.4667,apical1_022222121,8.72427074316244
1093,-180.82,82.37,-28.65,0.5,81.4667,-185.46,88.71,-32.13,0.5,90.0594,apical1_022222121,8.59276439802698
1094,-185.46,88.71,-32.13,0.5,90.0594,-188.05,92.63,-35.13,0.5,95.6339,apical1_022222121,5.57445064557935
1095,-188.05,92.63,-35.13,0.5,95.6339,-189.15,96.09,-38.97,0.5,100.918,apical1_022222121,5.28461919157852
1096,-189.15,96.09,-38.97,0.5,100.918,-189.24,98.59,-36.45,0.5,104.469,apical1_022222121,3.5508449698628
1097,-189.24,98.59,-36.45,0.5,104.469,-189.34,101.59,-33.87,0.5,108.427,apical1_022222121,3.95808034279245
1098,-189.34,101.59,-33.87,0.5,108.427,-187.07,106.67,-33.45,0.5,114.007,apical1_022222121,5.57993727563313
1099,-187.07,106.67,-33.45,0.5,114.007,-183.32,111.8,-31.35,0.5,120.7,apical1_022222121,6.69248832647469
1100,-183.32,111.8,-31.35,0.5,120.7,-178.16,118.49,-33.93,0.5,129.534,apical1_022222121,8.83391759074081
1101,-128.29,47.72,-2.55,0.5,0,-119.69,59.31,-5.43,0.5,14.7167,apical1_022222122,14.7167421666617
1102,-121.1,36.09,6.45,2,0,-113.73,40.15,-0.99,1,11.2318,apical1_0222222,11.2318342224233
1103,-113.73,40.15,-0.99,1,11.2318,-109.13,45.31,0.87,1,18.3904,apical1_0222222,7.15857527724617
1104,-109.13,45.31,0.87,1,18.3904,-106.21,47.24,-1.71,1,22.7387,apical1_0222222,4.34829851781131
1105,-106.21,47.24,-1.71,1,22.7387,-98.52,52.76,24.72,1,50.8127,apical1_0222222,28.0740342665603
1106,-98.52,52.76,24.72,1,0,-93.32,53.7,-12.45,0.5,37.5437,apical1_02222221,37.5437411561501
1107,-93.32,53.7,-12.45,0.5,37.5437,-95.98,55.29,-12.39,0.5,40.6433,apical1_02222221,3.09956448553665
1108,-98.52,52.76,24.72,1,0,-98,55.21,24.03,0.5,2.59788,apical1_02222222,2.59788375413528
1109,-98,55.21,24.03,0.5,2.59788,-98.2,61.38,20.67,0.5,9.62629,apical1_02222222,7.02840664731346
1110,-98.2,61.38,20.67,0.5,9.62629,-99.38,65.21,21,0.5,13.6475,apical1_02222222,4.02121872073628
1111,-99.38,65.21,21,0.5,13.6475,-98.79,69.18,21,0.5,17.6611,apical1_02222222,4.01360187362923
1112,-98.79,69.18,21,0.5,0,-101.33,66.65,21.72,0.5,3.65662,apical1_022222221,3.65662412615789
1113,-101.33,66.65,21.72,0.5,3.65662,-103.86,71.28,26.85,0.5,11.0156,apical1_022222221,7.35898770212317
1114,-103.86,71.28,26.85,0.5,11.0156,-106.59,74.93,30.15,0.5,16.6428,apical1_022222221,5.62720179129912
1115,-106.59,74.93,30.15,0.5,16.6428,-109.39,80.63,33.93,0.5,24.0332,apical1_022222221,7.39042623939918
1116,-109.39,80.63,33.93,0.5,24.0332,-111.7,86.24,37.05,0.5,30.8554,apical1_022222221,6.822213716969
1117,-98.79,69.18,21,0.5,0,-96.97,71.86,21,0.5,3.23957,apical1_022222222,3.23956787241755
1118,-96.97,71.86,21,0.5,3.23957,-94.53,73.9,18.45,0.5,7.31605,apical1_022222222,4.07648132584954
1119,-94.53,73.9,18.45,0.5,7.31605,-92.18,82.6,18.72,0.5,16.3319,apical1_022222222,9.01584161351561
1120,-92.18,82.6,18.72,0.5,16.3319,-87.75,89.32,20.43,0.5,24.5603,apical1_022222222,8.22845064395479
1121,-87.75,89.32,20.43,0.5,24.5603,-83.14,94.48,21.42,0.5,31.5502,apical1_022222222,6.98983547731991
1122,-83.14,94.48,21.42,0.5,31.5502,-80.39,97.98,19.53,0.5,36.3859,apical1_022222222,4.83576260790374
1123,-80.39,97.98,19.53,0.5,36.3859,-76.12,106.28,19.41,0.5,45.7207,apical1_022222222,9.33473620409275
1124,-76.12,106.28,19.41,0.5,45.7207,-75.94,109.55,22.02,0.5,49.9084,apical1_022222222,4.18776790187804
1125,-75.94,109.55,22.02,0.5,49.9084,-70.64,112.24,19.11,0.5,56.5262,apical1_022222222,6.61771864013573
1126,-70.64,112.24,19.11,0.5,56.5262,-64.78,112.95,16.11,0.5,63.1476,apical1_022222222,6.62145754347183
1127,-64.78,112.95,16.11,0.5,63.1476,-62.59,120.53,13.92,0.5,71.3359,apical1_022222222,8.18832095120849
1128,-62.59,120.53,13.92,0.5,71.3359,-58.25,122.68,10.68,0.5,77.1631,apical1_022222222,5.82715196300903
